biodiversity,aquarium_zoo,soc_just,habitat_terrestrial,habitat_marine,habitat_freshwater,habitat_FreshwaterTerrestrial,habitat_MarineTerrestrial,habitat_FreshwaterMarine,habitat_other,threat_climate,threat_energytransport,threat_habitat,threat_inv_spec,threat_overexp,threat_pollution,act_edu,act_community,act_research,act_policy,act_area,act_funding,act_restor,bio_ecosys,bio_species,taxa_amphibian,taxa_reptile,taxa_fish,taxa_bird,taxa_invertebrate,taxa_plant,taxa_mammal
redd,wild animal park,community rights,horse,seascape,acid rain,amphibian,albatross,coho,alligator,low-carbon,offshore wind,wildlife habitat,eradicate,bushmeat,phosphorus,build support,citizen science,aluka,treaty,state park,biodiversity offsets,native plant,abyssal,horse,herpetology,herpetology,ichthyology,ornithology,entomology,botany,mammalogy
biodiversity,animal shelter,marginalized,horses,seascapes,algae,caddisflies,boobies,alewife,alligators,climateworks,hydroelectric,wildlife habitats,eradication,bush meat,sulfide mining,young leader,civil society,analysis,act,state parks,build markets,native species,agricultural,horses,herpetological,herpetological,coho,ornithological,entomological,vegetation,mammal
wildlife,gallery,civil rights,carnivore,abalone,algal,caddisfly,booby,alewifes,aquaculture,adaptation strategy,hydropower,clearcutting,eradications,anti poaching,sulfide ore mining,young leaders,communities,analyze,action plan,ecosystem protection,carbon tax,plant restoration,agriculture,coho,frog,alligator,albacore,birdathon,invertebrate,acacia,mammals
plant,galleries,community of color,carnivores,acropora,amazon river,cattail,murrelet,algae,aquatic,blue carbon,bioenergy,conversion,infectious,anti-poaching,air pollution,youth leader,community,assess,agreement,ecotourism,conservation concessions,planting,agro-ecological,carnivore,frogs,alligators,albacore,waterfowl,invertebrates,acacias,ungulate
plants,aviary,communities of color,acacia,albacore,aquatic,cattails,murrelets,,bayou,carbon,biofuel,corridor,chytridiomycosis,antipoaching,air quality,youth leaders,community leaders,assessment,bill,eco-tourism,credit reform,reforest,agro-ecology,carnivores,salamander,boa,alewife,akekee,abalone,agave,ungulates
animal,enclosure,development rights,acacias,algae,azolla,crane,oystercatcher,algal,coast,carbon dioxide,biofuels,critical habitat,chytrid,cites,clean air,brochure,community leadership,assessments,emissions reduction,tourism,eco-financing,reforestation,alpine,abalone,salamanders,boas,alewifes,akekee,abalone,agave,tasmanian devil
animals,alflalfa,disabilities,agave,anchovies,azollas,cranes,oystercatchers,bass,coastal,climate,clean energy,dam,bd,commercial fishing,clean drinking water,brochures,community led,botany,carbon tax,wildlife habitat,ecosystem services market,remediation,alps,acacia,toad,chameleon,anchovies,akekees,anemone,agaves,carnivore
conservation,aquarium,disability,agaves,anchovy,blindcat,dragonflies,penguin,bay,cordgrass,climate change,clean power,dams,white nose,exploitation,clean water,nature program,community-led,census,cites,wildlife habitats,ecosystem services markets,restoration,amazon,acacias,toads,chameleon,anchovy,akikiki,anemones,albizia,carnivores
nature,aquariums,economic development,agricultural,anemone,blindcats,dragonfly,penguins,benthic,crab,climate change model,coal,deforestation,white-nose,fisheries,contamination,nature programs,cultural,citizen science,compliance monitoring,anti poaching,finance,restore,amazon river,agave,amphibian,chameleons,anchovy,akikikis,ant,albizia,andean cat
wilderness,big cat falls,economic opportunities,agriculture,anemones,carp,floodplain,petrel,clam,crabs,climate change models,coal fired,degradation,white nosed,fishery,debris,academy,grassroots,climate change science,conservation plan,anti-poaching,financial support,restoring,amazonia,agaves,amphibians,cobra,angler,albatross,ants,albizias,andean cats
,botanical garden,empower,agro-ecological,aquatic,chub,grebe,petrels,clams,crocodile,climate model,emissions reduction,erosion,white-nosed,hunt,effluent,advocacy,livelihood,climate science,cop,antipoaching,financing mechanisms,species restoration,arctic,akekee,,cobra,bass,apalis,arthropod,alder,antelope
,carousel,empowerment,agro-ecology,atlantic ocean,crawfish,grebes,puffin,crustacean,crocodiles,climate models,energy,forest fragmentation,colony collapse,hunting,effluents,advocate,livelihoods,conduct research,economic development,blm,investment,,barrens,akekees,,cobras,bass,apalis,arthropods,alder,antelope
,conservatory,enable communities,akekee,batfish,crayfish,ground water,puffins,crustaceans,delta,climate warming,energy development,forest loss,pathogen,illegal,eutrophication,afterschool,local capacity,conservation science,economic initiative,bureau of land management,investments,,basin,akikiki,,crocodile,batfish,asity,bee,alders,antelopes
,elephant barn,enable women,akekees,batfishes,creek,groundwater,seabird,damselfish,duck,climatic,energy efficiency,fragmentation,pathogens,ivory trade,garbage,after school,local community,data,economic model,easement,payment for ecosystem services,,bay,akikikis,,crocodile,batfish,asity,bee,aloe,ape
,elephant building,equity,akikiki,beluga,dace,hippo,seabirds,dolphin,ducks,climatico,energy infrastructure,habitat change,pathogenic,logging,nitrous oxide,after-school,local leader,database,endangered species act,environmental preservation,raise money,,bayou,albacore,,crocodiles,batfishes,asityies,beehive,amaranth,ape
,elephant odyssey,ethno,akikikis,belugas,daces,hippopotamus,sea otter,dolphins,eagle,extreme weather,energy sector,habitat destruction,disease,natural resource,oil spill,aluka,local leaders,databases,farm bill,habitat protection,redd,,benthic,albatross,,dragon,bigeye,avian,bees,amaranths,apes
,enrichment,first nation,albizia,benthos,dam,hippopotamuses,sea otters,dugong,eagles,global warming,fossil fuel,habitat loss,diseases,natural resources,oil spills,art,local stakeholder,dna,federal,habitat preservation,trust fund,,benthos,albizia,,dragon,bigeye tuna,bird,beetle,anemone,aye-aye
,exhibit,first nations,albizias,bigeye tuna,drum,hippos,beach,dugongs,egret,green house,gas,habitat modification,alien species,natural resources management,ozone,arts,rural communities,document,governance,increase protection,venture fund,,bog,albizias,,dragons,bigeye tunas,birds,beetles,artocarpus,aye-aye
,exhibits,food security,alder,bigeye tunas,freshwater,kingfisher,beaches,eel,egrets,greenhouse gas,green fuel,habitat quality,asian longhorn beetle,over exploitation,pesticide,awareness,small business,entomology,government,land acquisition,carbon market,,boreal,alder,,frilled dragon,billfish,blackbird,borer,artocarpus,aye-ayes
,garden,global south,alders,billfish,frog,kingfishers,,eelgrass,fisherman,greenhouse gases,green vehicle,habitat-loss,asian longhorn beetles,over fishing,pesticides,book,small businesses,estimate,government leaders,land preservation,carbon pricing,,bushland,alders,,frilled dragons,billfish,blackbird,butterflies,ash,badger
,gardens,indigenous,,billfishes,groundwater,loon,,eels,fishermen,kyoto,power plant,land-use change,biological control,over grazing,pipeline,camp,stewardship,estimation,governmental,land protection,cap and trade,,bushveld,alewife,,iguana,billfishes,blackbirds,butterfly,aspen,badger
,horticulture,inter-tribal,aloe,bleaching,headwater,loons,,estuaries,fjord,ocean acidification,power plants,landscape change,biological invasion,over harvested,plastic,children,tribe,field equipment,governments,land-protection,cap-and-trade,,caatinga,alewifes,,iguanas,blindcat,bluebird,caddisflies,aspens,badgers
,marlin perkins,justice,aloes,bonefish,headwaters,mallard,,estuarine,flamingo,redd,green energy,migratory pathways,blackberries,over-exploitation,pollutant,classroom,tribes,field research,kyoto,land trust,lending portfolio,,campinarana,alligator,,lizard,blindcat,bluebird,caddisfly,astragalus,bat
,museum,land rights,alpine,bonefishes,lake,mallards,,estuary,flamingos,sea ice,methane,oil palm,blackberry,over-exploited,pollute,colloquium,youth leaders,genomic,law,land trusts,,,centla,alligators,,lizard,blindcats,bluebirds,caddisfly,avocado,bat
,museums,low income,amaranth,cephalopod,lakes,pintail,,,frog,sea level,oil,oil-palm,blight,over-fishing,pollutes,communicating,youth-led,genomics,laws,land trust's,,,cerrado,amaranth,,lizards,bonefish,bobolink,clam,azolla,bats
,rehabilitation facility,low-income,amaranths,cetacean,muskellunge,pintails,,fish,frogs,sequestration,power generation,palm oil,borer,over-grazed,polluting,communication,parish,geologic,legal,land trusts',,,chaco,amaranths,,massasauga,bonefish,bobolink,clam,azollas,bear
,rehabilitation center,native communities,amazon,char,muskellunges,platypus,,fisheries,godwit,temperature rise,reduce emissions,reforestation,borer,overexploitation,pollution,communications,,geological,legislation,land use planning,,,chaparral,anchovies,,massasauga,bonefishes,bobolinks,clams,bamboo,bearcat
,species survival plan,native community,amazonia,cod,perch,platypuses,,fishery,godwits,warming,wind power,,borers,overfished,plastics,conference,,geology,legislative,national forest,,,choco,anchovy,,massasaugas,carp,bobwhite,coral,barberries,bearcats
,wildlife institute,native people,andean cat,coral,perches,riparian,,,heron,methane leak,,,cordgrass,overfishing,quality control,conferences,,ltrmp,mayor,national forests,,,coast,andean cat,,python,carp,bobwhite,coral,barberry,bears
,zoo,native peoples,andean cats,coral,pond,river basin,,fishes,herons,methane leakage,,,dreissenid mussel,overgrazing,remediation,course,,mapping,policies,national park,,,coastal,andean cats,,python,char,bobwhites,corals,beech,beaver
,zoofari,people's rights,ant,corals,ponds,salamander,,flatfish,ibis,carbon tax,,,dreissenid mussels,overharvesting,solid waste,digital learning,,modeling,policies,national parks,,,creek,anemone,,pythons,char,boobies,crab,birch,beaver
,zoos,peoples rights,ant,cusk,pupfish,salamanders,,flatfishes,iguana,carbon market,,,goat,poach,waste,disseminate,,models,policy,national seashore,,,croplands,anemones,,rattlesnake,chub,booby,crab,birches,beavers
,arboretum,peoples' rights,antelope,cusks,pupfishes,slider,,lamprey,iguanas,carbon pricing,,,goats,poacher,water quality,documentary,,monitor,policy reform,national wildlife,,,deep sea,animal rehabilitation,,rattlesnake,chub,booby,crabs,blossom,beluga
,topiary,poverty,antelopes,eez,river,sliders,,lampreys,intertidal,,,,introduced species,poachers,water quality,educate,,monitoring,policymakers,natural resources management,,,desert,ant,,rattlesnakes,cod,bustard,crabs,blossoms,belugas
,sculpture,rural communities,ants,eulachon,riverine,stork,,littoral,island,,,,invasion,poaching,smog,educates,,mycology,political,poach,,,downs,antelope,,ridley,cod,bustard,crawfish,bluestem grass,big cat
,sculptures,rural community,ants,eulachons,rivers,storks,,manatee,lagoon,,,,invasions,reduce consumption,tanker,education,,ornithology,recovery plan,poacher,,,dryland,antelopes,,ridley,cusk,bustards,crawfish,bluestem grasses,big cats
,exhibit,vulnerable communities,apalis,flounder,salamander,swan,,manatees,mangrove,,,,invasive,resource extraction,tankers,educational,,paleontology,recovery plans,poachers,,,dunes,antipoaching,,ridley sea turtle,cusk,canaries,crayfish,buckthorn,Binturong
,exhibition,women's rights,ape,grouper,salmonids,swans,,moray,mangroves,,,,invasive plants,seafood,chemicals,engage,,pilot study,redd,poaching,,,ecosystem,ants,,ridley sea turtles,cusks,canary,crayfish,buckthorns,Binturong
,exhibits,minority,apes,groupers,softshell,toad,,morays,marsh,,,,invasive species,sniffer dog,agrochemicals,engagement,,plant database,regulations,preserve,,,ecosystems,apalis,,ridleys,dace,canary,cricket,cacti,bison
,herpetarium,underprivileged,aphid,gulf,softshells,toads,,mussel,marshland,,,,loosestrife,trafficking,,family programs,,predictive,Fpal,preserving,,,espinal,ape,,slider,damselfish,cockatoo,cricket,cactus,bison
,animal support,,apple,haddock,spinedace,watershed,,mussels,microbial,,,,loosestrifes,wildlife detection dog,,fellows,,quantification,rio earth summit,protect area,,,estuaries,apes,,sliders,drum,cockatoo,crickets,cattail,blacktail
,,,apples,hake,spinedaces,watersheds,,oyster,osprey,,,,native species,wildlife detection dogs,,fellowship,,quantify,rio+20,protect areas,,,estuarine,arthropod,,snake,drum,cockatoos,crustacean,cattails,bobcat
,,,artocarpus,halibut,stream,waterthrush,,oyster,ospreys,,,,non-native species,sustainable forestry,,fellowships,,research,sdg,protect reserve,,,estuary,arthropods,,snakes,eel,condor,crustacean,cedar,bobcats
,,,ash,hammerhead,streams,waterthrushes,,oysters,pelican,,,,pampas grass,forestry,,film,,RUI,united nations,protect reserves,,,everglades,artocarpus,,softshell,eel,condors,crustaceans,cedars,bonobo
,,,asity,hammerheads,tilapia,willow,,ray,pelicans,,,,pine beetle,,,increase engagement,,scientific,bipartisan,protected area,,,fjord,ash,,softshell,eels,coucal,dragonflies,chestnut,bonobo
,,,asityies,herring,tilapias,willows,,rays,plover,,,,quagga mussel,,,increase participation,,scientific research,ecosystem marketplace,protected area management,,,floodplain,asity,,softshells,eulachon,coucal,dragonfly,chestnuts,bonobos
,,,aspen,humpback,tonle sap,river otter,,salmon,plovers,,,,quagga mussels,,,inspire,,species monitoring,,protected area network,,,flyways,asityies,,tortoise,eulachon,coucals,dragonfly,chestnuts,buffalo
,,,aspens,humpbacks,tributaries,river otters,,,sandpiper,,,,zebra mussel,,,inspired,,studies,,protected areas,,,forest,aspen,,tortoise,eulachons,crane,fiddler,cordgrass,buffalo
,,,astragalus,inshore,tributary,vernal pool,,,sandpipers,,,,zebra mussels,,,inspiring,,study,,protected site,,,forestry,aspens,,tortoises,fish,cranes,fly,cottonwood,camel
,,,avocado,kelp,walleye,,,salmonidae,shore,,,,biocontrol,,,intern,,survey,,protected sites,,,forests,astragalus,,turtle,fishes,crow,fly,cottonwood,camel
,,,avocados,kelp,walleyes,,,salmonids,shorebirds,,,,bark beetle,,,internship,,translocation,,protection area,,,freshwater,avian,,turtle,fishery,crow,insect,cottonwoods,camels
,,,aye-aye,krill,waterbodies,,,seagrass,skimmer,,,,,,,jstor,,translocations,,protection areas,,,glacier,aye-aye,,turtles,fisheries,crows,insect,crabapple,canine
,,,aye-ayes,lice,waterbody,,,shad,skimmers,,,,,,,k-12,,genetic,,public lands,,,grassland,aye-ayes,,reptile,flatfish,curassow,insects,crabapple,capuchin
,,,badger,lices,waterway,,,shads,spoonbill,,,,,,,learn,,sequencing,,purchase land,,,grasslands,azolla,,reptiles,flatfish,curassows,krill,crabapples,capuchin
,,,badgers,limpet,zebra mussels,,,shellfish,spoonbills,,,,,,,learning,,sequence,,purchase land,,,gulf,azollas,,,flatfishes,dove,lamprey,cress,capuchins
,,,bamboo,limpets,inland fishery,,,shellfishes,swamp,,,,,,,lectures,,sequencer,,recreation area,,,halophytics,badger,,,flathead,dove,leach,cress,caribou
,,,bamboo,lionfish,inland fisheries,,,shrimp,tern,,,,,,,library,,gis,,refuge,,,headwater,badgers,,,flounder,doves,lice,cypress,caribou
,,,banana,lobster,,,,shrimps,terns,,,,,,,media,,review article,,reserve,,,headwaters,bamboo,,,flounder,duck,lice,cypress,caribous
,,,bananas,lobsters,,,,sockeye,turtle,,,,,,,news,,scientist position,,reserves,,,heathlands,barberries,,,gregory,duck,lices,cyprus,cat specialist group
,,,barberries,mackerel,,,,,turtles,,,,,,,outreach,,genetics,,sanctuaries,,,himalayas,barberry,,,grouper,ducks,limpet,daffodil,cetacean
,,,barberry,mackerels,,,,sockeye salmon,wetland,,,,,,,pupils,,ichthyology,,sanctuary,,,hydrothermal vent,bass,,,grouper,eagle,limpet,daffodil,cetaceans
,,,barley,marine,,,,sockeyes,wetlands,,,,,,,radio,,entomology,,wilderness area,,,icefield,bat,,,groupers,eagle,limpets,daffodils,cheetah
,,,bat,marlin,,,,steelhead,roadless,,,,,,,raise awareness,,herpetology,,wildlife habitat area,,,intertidal,batfish,,,haddock,eagles,lobster,dogwood,cheetahs
,,,bat,marlins,,,,steelheads,seabird,,,,,,,school,,herpetological,,wildlife habitat areas,,,island,batfishes,,,haddock,egret,lobster,dogwood,chimp
,,,bats,menhaden,,,,sturgeon,seabirds,,,,,,,school children,,entomological,,wildlife refuge,,,karoo,bats,,,hake,egret,lobsters,dogwoods,chimpanzee
,,,bats,menhadens,,,,sturgeons,,,,,,,,seminar,,ichthyological,,acquisition,,,kelp,bean,,,hake,egrets,mite,eelgrass,chimpanzee
,,,bean,mobula,,,,trout,,,,,,,,story telling,,ornithological,,acquisitions,,,lagoon,beans,,,halibut,falcon,mite,elm,chimpanzees
,,,beans,mobulas,,,,trout,,,,,,,,story-telling,,paleontological,,acreage,,,lake,bear,,,halibut,falcon,mites,elms,chimps
,,,bear,monkfish,,,,trouts,,,,,,,,storytelling,,mammalogy,,roadless,,,lakes,bearcat,,,hammerhead,falcons,monarch,enset,colobus
,,,bearcat,monkfishes,,,,water bodies,,,,,,,,students,,nsf,,,,,landscape,bearcats,,,hammerhead,finch,monarch,ensets,cottontail
,,,bearcats,mpa,,,,water body,,,,,,,,symposium,,,,,,,landscapes,bears,,,hammerheads,finch,monarchs,fern,cottontails
,,,bears,mussel,,,,waterbodies,,,,,,,,teachers,,,,,,,littoral,beaver,,,herring,finches,moth,fern,cougar
,,,beaver,nearshore,,,,waterbody,,,,,,,,train,,,,,,,llanos,beavers,,,herring,flamingo,moths,ferns,cougars
,,,beavers,ocean,,,,whitefish,,,,,,,,training,,,,,,,long island sound,bee,,,lamprey,flamingo,mussel,fir,coyote
,,,bee,oceanic,,,,whitefishes,,,,,,,,trainings,,,,,,,long island sound,beech,,,lampreys,flamingos,mussels,fir,coyotes
,,,bee,oceans,,,,zander,,,,,,,,visitor center,,,,,,,lowveld,bees,,,lionfish,flycatcher,oyster,firs,deer
,,,beech,octopus,,,,zanders,,,,,,,,visitors center,,,,,,,mallee,beetle,,,lionfish,flycatcher,oyster,flower,deers
,,,bees,offshore,,,,,,,,,,,,website,,,,,,,mangrove,beetles,,,mackerel,flycatchers,oysters,forestry,dog
,,,bees,orca,,,,,,,,,,,,workshop,,,,,,,mangroves,beluga,,,mackerel,geese,pollinator,foxtail,dogs
,,,beetle,orca,,,,,,,,,,,,workshops,,,,,,,marine,belugas,,,mackerels,gnatcatcher,pollinators,foxtail,dolphin
,,,beetles,orcas,,,,,,,,,,,,youth program,,,,,,,marsh,big cat,,,marlin,gnatcatcher,prawn,foxtails,dolphins
,,,big cat,oyster,,,,,,,,,,,,youth programs,,,,,,,marshland,big cats,,,marlin,gnatcatchers,prawn,ginger,dugong
,,,big cats,pacific ocean,,,,,,,,,,,,classrooms,,,,,,,matorral,bigeye tuna,,,marlins,godwit,prawns,ginkgo,dugongs
,,,Binturong,pelagic,,,,,,,,,,,,communicate,,,,,,,meadow,bigeye tunas,,,menhaden,godwit,satyr,ginkgos,eland
,,,birch,pinniped,,,,,,,,,,,,demonstration plot ,,,,,,,mezquital,billfish,,,menhaden,godwits,satyr,goldenseal,elands
,,,birches,pollock,,,,,,,,,,,,educator,,,,,,,miombo,billfishes,,,menhadens,goose,satyrs,goldenseals,elephant
,,,,pollocks,,,,,,,,,,,,educators,,,,,,,monte,Binturong,,,mobula,goshawk,scorpion,grass,elephants
,,,,porpoise,,,,,,,,,,,,journalist,,,,,,,moorland,birch,,,mobulas,goshawks,scorpion,grasses,elk
,,,bison,porpoises,,,,,,,,,,,,journalists,,,,,,,mountain,birches,,,monkfish,grebe,scorpions,gum,feline
,,,bison,prawn,,,,,,,,,,,,learning center,,,,,,,mountains,bird,,,monkfishes,grebe,seahorse,gums,felines
,,,blackberries,prawns,,,,,,,,,,,,publicize,,,,,,,mudflat,birds,,,moray,grebes,shellfish,hemlock,ferret
,,,blackberry,redfish,,,,,,,,,,,,summit,,,,,,,ocean,bison,,,morays,grouse,shellfish,hemlocks,ferrets
,,,blackbird,redfishes,,,,,,,,,,,,tv,,,,,,,oceanic,blackbird,,,muskellunge,grouse,shellfishes,hibiscus,fossa
,,,blackbirds,reef,,,,,,,,,,,,television,,,,,,,oceans,blackbirds,,,muskellunge,harrier,shrimp,hickory,fossas
,,,blossom,ridley,,,,,,,,,,,,k12,,,,,,,offshore,blindcat,,,muskellunges,harrier,shrimp,hogweed,fox
,,,blossoms,ridley sea turtle,,,,,,,,,,,,,,,,,,,pampas,blindcats,,,perch,harriers,shrimps,honeysuckle,foxes
,,,blueberries,ridley sea turtles,,,,,,,,,,,,,,,,,,,pantanal,blossom,,,perch,hawk,silk,honeysuckles,gazelle
,,,blueberry,ridleys,,,,,,,,,,,,,,,,,,,pantanos,blossoms,,,perches,hawk,skipper,hornbeam,gazelles
,,,bluebird,rockfish,,,,,,,,,,,,,,,,,,,paramo,blue whale,,,pollock,hawks,skipper,hornbeams,genet
,,,bluebirds,rockfishes,,,,,,,,,,,,,,,,,,,parkland,bluebird,,,pollock,heron,skippers,hornwort,genets
,,,bluestem grass,sardine,,,,,,,,,,,,,,,,,,,parklands,bluebirds,,,pollocks,heron,spider,hornworts,gibbon
,,,bluestem grasses,sardines,,,,,,,,,,,,,,,,,,,peat,bluestem grass,,,pupfish,herons,spider,juniper,gibbons
,,,boa,sardines,,,,,,,,,,,,,,,,,,,peatland,bluestem grasses,,,pupfish,honeyguide,spiders,kauri,giraffe
,,,boas,sardines,,,,,,,,,,,,,,,,,,,pelagic,boa,,,pupfishes,honeyguide,squid,kauris,giraffes
,,,bobcat,sargassum,,,,,,,,,,,,,,,,,,,pineyards,boas,,,ray,honeyguides,squids,kelp,gorilla
,,,bobcats,sargassums,,,,,,,,,,,,,,,,,,,plains,bobcat,,,rays,hornbill,staghorn,koa,gorillas
,,,bobolink,sawfish,,,,,,,,,,,,,,,,,,,plateau,bobcats,,,redfish,hornbill,staghorns,kola,guenon
,,,bobolinks,sawfishes,,,,,,,,,,,,,,,,,,,pond,bobolink,,,redfish,hornbills,swallowtail,ladyslipper,guenons
,,,bobwhite,sea,,,,,,,,,,,,,,,,,,,ponds,bobolinks,,,redfishes,hummingbird,swallowtail,ladyslippers,hare
,,,bobwhites,sea dragon,,,,,,,,,,,,,,,,,,,prairie,bobwhite,,,rockfish,hummingbird,swallowtails,laurel,hares
,,,bonobo,sea dragons,,,,,,,,,,,,,,,,,,,puget sound,bobwhites,,,rockfish,hummingbirds,weevil,lily,hedgehog
,,,bonobos,sea ice,,,,,,,,,,,,,,,,,,,puna,bonefish,,,rockfishes,ibis,weevils,lime,hedgehogs
,,,borer,sea-ice,,,,,,,,,,,,,,,,,,,rainforest,bonefishes,,,salmon,jay,weta,loosestrife,hippo
,,,borers,seabed,,,,,,,,,,,,,,,,,,,rangeland,bonobo,,,salmon,jay,weta,lupine,hippopotamus
,,,buckthorn,,,,,,,,,,,,,,,,,,,,rangelands,bonobos,,,sardine,jays,wetas,lupines,hippopotamuses
,,,buckthorns,seafood,,,,,,,,,,,,,,,,,,,reef,boobies,,,sardine,kea,worm,magnolia,hippos
,,,buffalo,seagrass,,,,,,,,,,,,,,,,,,,restingas,booby,,,sardines,kea,worm,magnolias,hog
,,,bush,seagrasses,,,,,,,,,,,,,,,,,,,riparian,buckthorn,,,sardines,keas,worms,mahoganies,hogs
,,,bushes,seahorse,,,,,,,,,,,,,,,,,,,river,buckthorns,,,sardines,kestrel,odonate,mahogany,hoolock
,,,bustard,seahorse,,,,,,,,,,,,,,,,,,,river basin,buffalo,,,sardines,kestrel,odonates,maidenhair,hoolocks
,,,bustards,seahorses,,,,,,,,,,,,,,,,,,,riverine,bustard,,,sawfish,kestrels,odonata,maidenhairs,horse
,,,butterflies,seal,,,,,,,,,,,,,,,,,,,rivers,bustards,,,sawfish,kingfisher,,mangrove,horses
,,,butterflies,seal,,,,,,,,,,,,,,,,,,,rockies,butterflies,,,sawfishes,kingfisher,,mangroves,huemul
,,,butterfly,sealife,,,,,,,,,,,,,,,,,,,sahara,butterfly,,,sea dragon,kingfishers,,maple,huemuls
,,,butterfly,seals,,,,,,,,,,,,,,,,,,,saltmarsh,cacti,,,sea dragons,landbird,,maples,humpback
,,,cacti,seamount,,,,,,,,,,,,,,,,,,,savanna,cactus,,,seahorse,landbirds,,meranti,humpbacks
,,,cactus,seawater,,,,,,,,,,,,,,,,,,,savannah,caddisflies,,,seahorses,loon,,merantis,ibex
,,,camel,seaweed,,,,,,,,,,,,,,,,,,,sclerophyllous,caddisfly,,,shad,loons,,milkweed,ibexes
,,,camels,seaweed,,,,,,,,,,,,,,,,,,,scrub,camel,,,shad,magpie,,milkweeds,ibis
,,,canaries,seaweeds,,,,,,,,,,,,,,,,,,,sea,camels,,,shads,magpies,,moabi,indri
,,,canary,shark,,,,,,,,,,,,,,,,,,,sea floor,canaries,,,shark,mallard,,moabis,indris
,,,capuchin,shark,,,,,,,,,,,,,,,,,,,sea ice,canary,,,,mallard,,moss,jaguar
,,,capuchins,sharks,,,,,,,,,,,,,,,,,,,seabed,canine,,,sharks,mallards,,mosses,jaguars
,,,caribou,sharks,,,,,,,,,,,,,,,,,,,seagrass,capuchin,,,skate,megapode,,muhly,kangaroo
,,,caribous,skate,,,,,,,,,,,,,,,,,,,seamount,capuchins,,,skate,megapode,,narcissus,kangaroos
,,,carrot,skates,,,,,,,,,,,,,,,,,,,shore,care and rehabilitation,,,skates,megapodes,,narcissusi,koala
,,,carrots,snapper,,,,,,,,,,,,,,,,,,,shrubland,care/rehabilitation,,,smallmouth,murrelet,,oak,koalas
,,,cat specialist group,snappers,,,,,,,,,,,,,,,,,,,shrublands,caribou,,,snapper,murrelets,,oaks,kyrgyz horse
,,,caterpillar,snappers,,,,,,,,,,,,,,,,,,,springs,caribous,,,snapper,nene,,orchid,kyrgyz horses
,,,cattle,snappers,,,,,,,,,,,,,,,,,,,steppe,carp,,,snappers,nenes,,orchids,langur
,,,cedar,snook,,,,,,,,,,,,,,,,,,,stream,cat specialist group,,,snappers,nightjar,,palm,langurs
,,,cedars,snooks,,,,,,,,,,,,,,,,,,,streams,cattail,,,snappers,nightjars,,palms,large cat
,,,cerrado,squid,,,,,,,,,,,,,,,,,,,swamp,cattails,,,snappers,osprey,,pandanus,large cats
,,,chameleon,squid,,,,,,,,,,,,,,,,,,,taiga,cedar,,,snook,ospreys,,pandanuses,lemur
,,,chameleons,squids,,,,,,,,,,,,,,,,,,,tallgrass,cedars,,,snook,owl,,papaya,lemurs
,,,cheetah,staghorn,,,,,,,,,,,,,,,,,,,thicket,centre de rehabilitation,,,snooks,owlet,,papayas,leopard
,,,cheetahs,staghorns,,,,,,,,,,,,,,,,,,,thornscrub,cetacean,,,sockeye,owlets,,pine,leopards
,,,chestnut,starfish,,,,,,,,,,,,,,,,,,,tongass,cetaceans,,,sockeye,owls,,pines,lion
,,,chestnuts,stingray,,,,,,,,,,,,,,,,,,,tonle sap,chameleon,,,sockeye salmon,oystercatcher,,Pink Sand Verbena,lions
,,,chimp,stingrays,,,,,,,,,,,,,,,,,,,tributaries,chameleons,,,sockeye salmon,oystercatcher,,Pink Sand Verbenas,loris
,,,chimpanzee,swordfish,,,,,,,,,,,,,,,,,,,tributary,char,,,sockeyes,oystercatchers,,pinyon,lorises
,,,chimpanzee,swordfishes,,,,,,,,,,,,,,,,,,,tundra,cheetah,,,spinedace,palila,,pinyons,lynx
,,,chimpanzees,tarpon,,,,,,,,,,,,,,,,,,,tuxtlas,cheetahs,,,spinedace,palila,,pisonia,lynxes
,,,chimps,tarpons,,,,,,,,,,,,,,,,,,,undersea,chestnut,,,spinedace,palilas,,pisonias,macaque
,,,cobra,thresher,,,,,,,,,,,,,,,,,,,valley,chestnuts,,,spinedaces,parrot,,pistachios,macaques
,,,cobras,threshers,,,,,,,,,,,,,,,,,,,varzea,chimp,,,steelhead,parrot,,plant,manatee
,,,cockatoo,totoaba,,,,,,,,,,,,,,,,,,,watershed,chimpanzee,,,steelhead,parrots,,plants,manatees
,,,cockatoos,totoabas,,,,,,,,,,,,,,,,,,,watersheds,chimpanzees,,,steelheads,partridge,,poplar,mandrill
,,,coffee,tuna,,,,,,,,,,,,,,,,,,,waterway,chimps,,,stingray,partridge,,poplars,mandrills
,,,colobus,tuna,,,,,,,,,,,,,,,,,,,wetland,chub,,,stingrays,partridges,,rattan,mara
,,,condor,tunas,,,,,,,,,,,,,,,,,,,wetlands,clam,,,sturgeon,peacock,,rattans,marmot
,,,condors,undersea,,,,,,,,,,,,,,,,,,,wild lands,clams,,,sturgeon,peacock,,redbud,marmots
,,,conifer,upwelling,,,,,,,,,,,,,,,,,,,wilderness,cobra,,,sturgeons,peacocks,,redbuds,meerkat
,,,cottontail,vaquita,,,,,,,,,,,,,,,,,,,woodland,cobras,,,swordfish,pelican,,redwood,meerkats
,,,cottontails,vaquitas,,,,,,,,,,,,,,,,,,,woodlands,cockatoo,,,swordfish,pelicans,,redwoods,mole
,,,cottonwood,walrus,,,,,,,,,,,,,,,,,,,woods,cockatoos,,,swordfishes,penguin,,rhododendron,moles
,,,cottonwoods,walruses,,,,,,,,,,,,,,,,,,,xeric,cod,,,tarpon,penguins,,rhododendrons,monkey
,,,coucal,whale,,,,,,,,,,,,,,,,,,,yunga,colobus,,,tarpon,petrel,,sago,monkeys
,,,coucals,whale,,,,,,,,,,,,,,,,,,,yungas,condor,,,tarpons,petrel,,sagos,moose
,,,cougar,whales,,,,,,,,,,,,,,,,,,,coral reef,condors,,,thresher,petrels,,saguaro,mouse
,,,cougars,whales,,,,,,,,,,,,,,,,,,,rocky mountain,coral,,,threshers,pheasant,,saguaros,mouses
,,,cow,yellowfin,,,,,,,,,,,,,,,,,,,congo basin,corals,,,tilapia,pheasant,,sandalwood,mule
,,,cows,yellowfins,,,,,,,,,,,,,,,,,,,congo river,cottontail,,,tilapia,pheasants,,sandalwoods,mule deer
,,,coyote,yellowtail,,,,,,,,,,,,,,,,,,,congo rainforest,cottontails,,,tilapias,phoebe,,sargassum,mules
,,,coyotes,Yellowtail tuna,,,,,,,,,,,,,,,,,,,,cottonwood,,,totoaba,phoebe,,sargassums,muriqui
,,,crabapple,Yellowtail tunas,,,,,,,,,,,,,,,,,,,,cottonwoods,,,totoaba,phoebes,,sassafras,muriquis
,,,crabapples,yellowtails,,,,,,,,,,,,,,,,,,,,coucal,,,totoabas,pintail,,sassafrases,myotis
,,,cress,zebrafish,,,,,,,,,,,,,,,,,,,,coucals,,,trout,pintail,,seagrass,myotis
,,,cricket,zebrafishes,,,,,,,,,,,,,,,,,,,,cougar,,,trout,pintails,,seagrasses,ocelot
,,,crickets,,,,,,,,,,,,,,,,,,,,,cougars,,,trouts,plover,,seaweed,ocelots
,,,crop,,,,,,,,,,,,,,,,,,,,,coyote,,,tuna,plover,,seed,okapi
,,,croplands,,,,,,,,,,,,,,,,,,,,,coyotes,,,tuna,plovers,,seeds,okapis
,,,crow,,,,,,,,,,,,,,,,,,,,,crab,,,tunas,puffin,,sequoia,opossum
,,,crows,,,,,,,,,,,,,,,,,,,,,crabapple,,,walleye,puffins,,sequoias,opossums
,,,cucumber,,,,,,,,,,,,,,,,,,,,,crabapples,,,walleye,quail,,spleenwort,orangutan
,,,cucumbers,,,,,,,,,,,,,,,,,,,,,crabs,,,walleyes,quail,,spleenworts,orangutans
,,,curassow,,,,,,,,,,,,,,,,,,,,,crane,,,whitefish,quails,,spruce,orca
,,,curassows,,,,,,,,,,,,,,,,,,,,,cranes,,,whitefish,raptor,,spruces,orcas
,,,cypress,,,,,,,,,,,,,,,,,,,,,crawfish,,,whitefishes,raptors,,staghorn,otter
,,,daffodil,,,,,,,,,,,,,,,,,,,,,crayfish,,,yellowfin,raven,,sycamore,otters
,,,daffodils,,,,,,,,,,,,,,,,,,,,,cress,,,yellowfin,raven,,sycamores,ox
,,,deciduous,,,,,,,,,,,,,,,,,,,,,cricket,,,yellowfins,ravens,,tamarisk,oxen
,,,deer,,,,,,,,,,,,,,,,,,,,,crickets,,,yellowtail,rhea,,tamarisks,Pachyderm
,,,deer,,,,,,,,,,,,,,,,,,,,,crocodile,,,yellowtail,rhea,,toadflax,Pachyderms
,,,deforestation,,,,,,,,,,,,,,,,,,,,,crocodiles,,,Yellowtail tuna,rheas,,toadflaxes,painted dog
,,,desert,,,,,,,,,,,,,,,,,,,,,crow,,,Yellowtail tunas,sage grouse,,tree,painted dogs
,,,dog,,,,,,,,,,,,,,,,,,,,,crows,,,yellowtails,sage grouses,,trees,panda
,,,dog,,,,,,,,,,,,,,,,,,,,,crustacean,,,zander,sage-grouse,,tupelo,pandas
,,,dogs,,,,,,,,,,,,,,,,,,,,,crustaceans,,,zander,sage-grouse,,tupelo,pangolin
,,,dogwood,,,,,,,,,,,,,,,,,,,,,curassow,,,zanders,sage-grouses,,tupelos,pangolins
,,,dogwoods,,,,,,,,,,,,,,,,,,,,,curassows,,,zebrafish,sandpiper,,wheatgrass,peccaries
,,,dove,,,,,,,,,,,,,,,,,,,,,cusk,,,zebrafishes,sandpiper,,wheatgrasses,peccary
,,,doves,,,,,,,,,,,,,,,,,,,,,cusks,,,,sandpipers,,willow,peccary
,,,dragon,,,,,,,,,,,,,,,,,,,,,cypress,,,,seabird,,willows,pig
,,,dragons,,,,,,,,,,,,,,,,,,,,,dace,,,,seabirds,,shrub,pigs
,,,drought,,,,,,,,,,,,,,,,,,,,,daffodil,,,,shorebird,,shrubs,pika
,,,dryland,,,,,,,,,,,,,,,,,,,,,daffodils,,,,shorebirds,,,pikas
,,,eelgrass,,,,,,,,,,,,,,,,,,,,,damselfish,,,,shrike,,,platypus
,,,eland,,,,,,,,,,,,,,,,,,,,,deer,,,,shrike,,,platypuses
,,,elands,,,,,,,,,,,,,,,,,,,,,dogwood,,,,shrikes,,,porcupine
,,,elephant,,,,,,,,,,,,,,,,,,,,,dogwoods,,,,skimmer,,,porcupines
,,,elephants,,,,,,,,,,,,,,,,,,,,,dolphin,,,,skimmer,,,porpoise
,,,elk,,,,,,,,,,,,,,,,,,,,,dolphins,,,,skimmers,,,porpoises
,,,elm,,,,,,,,,,,,,,,,,,,,,dove,,,,slider,,,Prairie Dog
,,,elms,,,,,,,,,,,,,,,,,,,,,doves,,,,spoonbill,,,Prairie Dogs
,,,enset,,,,,,,,,,,,,,,,,,,,,dragon,,,,spoonbill,,,primate
,,,ensets,,,,,,,,,,,,,,,,,,,,,dragonflies,,,,spoonbills,,,primates
,,,eucalyptus,,,,,,,,,,,,,,,,,,,,,dragonfly,,,,stork,,,pronghorn
,,,exotic plant,,,,,,,,,,,,,,,,,,,,,dragons,,,,stork,,,pronghorns
,,,falcon,,,,,,,,,,,,,,,,,,,,,drum,,,,storks,,,pudu
,,,falcons,,,,,,,,,,,,,,,,,,,,,duck,,,,swainson,,,pudus
,,,,,,,,,,,,,,,,,,,,,,,,ducks,,,,swallow,,,puma
,,,,,,,,,,,,,,,,,,,,,,,,dugong,,,,swallow,,,pumas
,,,fern,,,,,,,,,,,,,,,,,,,,,dugongs,,,,swallows,,,rabbit
,,,ferns,,,,,,,,,,,,,,,,,,,,,eagle,,,,swan,,,rabbits
,,,ferret,,,,,,,,,,,,,,,,,,,,,eagles,,,,swan,,,raccoon
,,,ferrets,,,,,,,,,,,,,,,,,,,,,eagles,,,,swans,,,raccoons
,,,finch,,,,,,,,,,,,,,,,,,,,,eel,,,,swift,,,rat
,,,finches,,,,,,,,,,,,,,,,,,,,,eelgrass,,,,swift,,,rats
,,,fir,,,,,,,,,,,,,,,,,,,,,eels,,,,swifts,,,red deer
,,,fire,,,,,,,,,,,,,,,,,,,,,egret,,,,tanager,,,rhino
,,,fires,,,,,,,,,,,,,,,,,,,,,egrets,,,,tanager,,,rhinoceros
,,,firs,,,,,,,,,,,,,,,,,,,,,eland,,,,tanagers,,,rhinoceroses
,,,flax,,,,,,,,,,,,,,,,,,,,,elands,,,,tern,,,rhinos
,,,flaxes,,,,,,,,,,,,,,,,,,,,,elephant,,,,tern,,,rock-wallabies
,,,flowering plants,,,,,,,,,,,,,,,,,,,,,elephants,,,,terns,,,rock-wallaby
,,,fly,,,,,,,,,,,,,,,,,,,,,elk,,,,thrush,,,sable
,,,flycatcher,,,,,,,,,,,,,,,,,,,,,elm,,,,thrush,,,sables
,,,flycatchers,,,,,,,,,,,,,,,,,,,,,elms,,,,thrushes,,,saiga
,,,flyways,,,,,,,,,,,,,,,,,,,,,endangered species,,,,tit,,,saigas
,,,forest,,,,,,,,,,,,,,,,,,,,,enset,,,,tit,,,saki
,,,forestry,,,,,,,,,,,,,,,,,,,,,ensets,,,,tits,,,sakis
,,,forests,,,,,,,,,,,,,,,,,,,,,eulachon,,,,tui,,,seal
,,,fossa,,,,,,,,,,,,,,,,,,,,,eulachons,,,,tuis,,,seals
,,,fossas,,,,,,,,,,,,,,,,,,,,,falcon,,,,turkey,,,sheep
,,,fox,,,,,,,,,,,,,,,,,,,,,falcons,,,,turkey,,,sheeps
,,,foxes,,,,,,,,,,,,,,,,,,,,,falcons,,,,turkeys,,,shrew
,,,foxtail,,,,,,,,,,,,,,,,,,,,,feline,,,,vireo,,,shrews
,,,foxtails,,,,,,,,,,,,,,,,,,,,,fern,,,,vireo,,,siamang
,,,frilled dragon,,,,,,,,,,,,,,,,,,,,,ferns,,,,vireos,,,siamangs
,,,frilled dragons,,,,,,,,,,,,,,,,,,,,,ferret,,,,vulture,,,sifaka
,,,game reserve,,,,,,,,,,,,,,,,,,,,,ferrets,,,,vulture,,,sifakas
,,,gazelle,,,,,,,,,,,,,,,,,,,,,finch,,,,vultures,,,small cat
,,,gazelles,,,,,,,,,,,,,,,,,,,,,finches,,,,warbler,,,small cats
,,,geese,,,,,,,,,,,,,,,,,,,,,fir,,,,warbler,,,squirrel
,,,genet,,,,,,,,,,,,,,,,,,,,,firs,,,,warblers,,,squirrels
,,,genets,,,,,,,,,,,,,,,,,,,,,fish,,,,waterthrush,,,takin
,,,gibbon,,,,,,,,,,,,,,,,,,,,,fish,,,,waterthrush,,,takins
,,,gibbons,,,,,,,,,,,,,,,,,,,,,fishes,,,,waterthrushes,,,tamarin
,,,ginkgo,,,,,,,,,,,,,,,,,,,,,flamingo,,,,whip-poor-will,,,tamarins
,,,ginkgos,,,,,,,,,,,,,,,,,,,,,flamingos,,,,whip-poor-will,,,tapir
,,,giraffe,,,,,,,,,,,,,,,,,,,,,flatfish,,,,whip-poor-wills,,,tapirs
,,,giraffes,,,,,,,,,,,,,,,,,,,,,flatfishes,,,,whippoorwill,,,tenkile
,,,gnatcatcher,,,,,,,,,,,,,,,,,,,,,flounder,,,,whippoorwills,,,tenkiles
,,,gnatcatchers,,,,,,,,,,,,,,,,,,,,,fly,,,,woodcock,,,tiger
,,,goat,,,,,,,,,,,,,,,,,,,,,flycatcher,,,,woodcock,,,tigers
,,,goats,,,,,,,,,,,,,,,,,,,,,flycatchers,,,,woodcocks,,,titi
,,,goldenseal,,,,,,,,,,,,,,,,,,,,,fossa,,,,woodpecker,,,titis
,,,goldenseals,,,,,,,,,,,,,,,,,,,,,fossas,,,,woodpecker,,,vaquita
,,,goose,,,,,,,,,,,,,,,,,,,,,fox,,,,woodpeckers,,,vaquitas
,,,gorilla,,,,,,,,,,,,,,,,,,,,,foxes,,,,wren,,,vole
,,,gorillas,,,,,,,,,,,,,,,,,,,,,foxtail,,,,wren,,,voles
,,,goshawk,,,,,,,,,,,,,,,,,,,,,foxtails,,,,wrens,,,wallabies
,,,goshawks,,,,,,,,,,,,,,,,,,,,,frilled dragon,,,,,,,wallaby
,,,grape,,,,,,,,,,,,,,,,,,,,,frilled dragons,,,,,,,walrus
,,,grapes,,,,,,,,,,,,,,,,,,,,,frog,,,,,,,walruses
,,,grass,,,,,,,,,,,,,,,,,,,,,frogs,,,,,,,weasel
,,,grass,,,,,,,,,,,,,,,,,,,,,gazelle,,,,,,,weasels
,,,grasses,,,,,,,,,,,,,,,,,,,,,gazelles,,,,,,,whale
,,,grasses,,,,,,,,,,,,,,,,,,,,,geese,,,,,,,whales
,,,grassland,,,,,,,,,,,,,,,,,,,,,genet,,,,,,,wild cat
,,,grasslands,,,,,,,,,,,,,,,,,,,,,genets,,,,,,,wild cats
,,,grouse,,,,,,,,,,,,,,,,,,,,,gibbon,,,,,,,wild dog
,,,guenon,,,,,,,,,,,,,,,,,,,,,gibbons,,,,,,,wild dogs
,,,guenons,,,,,,,,,,,,,,,,,,,,,ginkgo,,,,,,,wild dogs
,,,gum,,,,,,,,,,,,,,,,,,,,,ginkgos,,,,,,,wild horse
,,,gums,,,,,,,,,,,,,,,,,,,,,giraffe,,,,,,,wild horses
,,,hare,,,,,,,,,,,,,,,,,,,,,giraffes,,,,,,,wildcat
,,,hare,,,,,,,,,,,,,,,,,,,,,gnatcatcher,,,,,,,wildcats
,,,hares,,,,,,,,,,,,,,,,,,,,,gnatcatchers,,,,,,,wolf
,,,hares,,,,,,,,,,,,,,,,,,,,,godwit,,,,,,,wolverine
,,,harrier,,,,,,,,,,,,,,,,,,,,,godwits,,,,,,,wolverines
,,,harriers,,,,,,,,,,,,,,,,,,,,,goldenseal,,,,,,,wolves
,,,hawk,,,,,,,,,,,,,,,,,,,,,goldenseals,,,,,,,yak
,,,hawks,,,,,,,,,,,,,,,,,,,,,goose,,,,,,,yaks
,,,heathlands,,,,,,,,,,,,,,,,,,,,,gorilla,,,,,,,zebra
,,,hedgehog,,,,,,,,,,,,,,,,,,,,,gorillas,,,,,,,zebras
,,,hedgehogs,,,,,,,,,,,,,,,,,,,,,goshawk,,,,,,,panther
,,,hemlock,,,,,,,,,,,,,,,,,,,,,goshawks,,,,,,,panthers
,,,hemlocks,,,,,,,,,,,,,,,,,,,,,grass,,,,,,,grizzlies
,,,hibiscus,,,,,,,,,,,,,,,,,,,,,grasses,,,,,,,
,,,hickory,,,,,,,,,,,,,,,,,,,,,grebe,,,,,,,
,,,hog,,,,,,,,,,,,,,,,,,,,,grebes,,,,,,,
,,,hogs,,,,,,,,,,,,,,,,,,,,,grouper,,,,,,,
,,,hogweed,,,,,,,,,,,,,,,,,,,,,groupers,,,,,,,
,,,honeybee,,,,,,,,,,,,,,,,,,,,,grouse,,,,,,,
,,,honeyguide,,,,,,,,,,,,,,,,,,,,,guenon,,,,,,,
,,,honeyguides,,,,,,,,,,,,,,,,,,,,,guenons,,,,,,,
,,,honeysuckle,,,,,,,,,,,,,,,,,,,,,gum,,,,,,,
,,,honeysuckles,,,,,,,,,,,,,,,,,,,,,gums,,,,,,,
,,,hoolock,,,,,,,,,,,,,,,,,,,,,haddock,,,,,,,
,,,hoolocks,,,,,,,,,,,,,,,,,,,,,hake,,,,,,,
,,,hornbeam,,,,,,,,,,,,,,,,,,,,,halibut,,,,,,,
,,,hornbeams,,,,,,,,,,,,,,,,,,,,,hammerhead,,,,,,,
,,,hornbill,,,,,,,,,,,,,,,,,,,,,hammerheads,,,,,,,
,,,hornbills,,,,,,,,,,,,,,,,,,,,,hare,,,,,,,
,,,hornwort,,,,,,,,,,,,,,,,,,,,,hares,,,,,,,
,,,hornworts,,,,,,,,,,,,,,,,,,,,,harrier,,,,,,,
,,,huemul,,,,,,,,,,,,,,,,,,,,,harriers,,,,,,,
,,,huemuls,,,,,,,,,,,,,,,,,,,,,hawk,,,,,,,
,,,hummingbird,,,,,,,,,,,,,,,,,,,,,hawks,,,,,,,
,,,hummingbirds,,,,,,,,,,,,,,,,,,,,,hedgehog,,,,,,,
,,,ibex,,,,,,,,,,,,,,,,,,,,,hedgehogs,,,,,,,
,,,ibex,,,,,,,,,,,,,,,,,,,,,hemlock,,,,,,,
,,,ibexes,,,,,,,,,,,,,,,,,,,,,hemlocks,,,,,,,
,,,indri,,,,,,,,,,,,,,,,,,,,,heron,,,,,,,
,,,indris,,,,,,,,,,,,,,,,,,,,,herons,,,,,,,
,,,,,,,,,,,,,,,,,,,,,,,,herring,,,,,,,
,,,,,,,,,,,,,,,,,,,,,,,,hibiscus,,,,,,,
,,,,,,,,,,,,,,,,,,,,,,,,hickory,,,,,,,
,,,jaguar,,,,,,,,,,,,,,,,,,,,,hippo,,,,,,,
,,,jaguars,,,,,,,,,,,,,,,,,,,,,hippopotamus,,,,,,,
,,,jay,,,,,,,,,,,,,,,,,,,,,hippopotamuses,,,,,,,
,,,jays,,,,,,,,,,,,,,,,,,,,,hippos,,,,,,,
,,,juniper,,,,,,,,,,,,,,,,,,,,,hog,,,,,,,
,,,kangaroo,,,,,,,,,,,,,,,,,,,,,hogs,,,,,,,
,,,kangaroos,,,,,,,,,,,,,,,,,,,,,hogweed,,,,,,,
,,,kauri,,,,,,,,,,,,,,,,,,,,,honeyguide,,,,,,,
,,,kauris,,,,,,,,,,,,,,,,,,,,,honeyguides,,,,,,,
,,,kea,,,,,,,,,,,,,,,,,,,,,honeysuckle,,,,,,,
,,,keas,,,,,,,,,,,,,,,,,,,,,honeysuckles,,,,,,,
,,,kestrel,,,,,,,,,,,,,,,,,,,,,hoolock,,,,,,,
,,,kestrel,,,,,,,,,,,,,,,,,,,,,hoolocks,,,,,,,
,,,kestrels,,,,,,,,,,,,,,,,,,,,,hornbeam,,,,,,,
,,,knotweed,,,,,,,,,,,,,,,,,,,,,hornbeams,,,,,,,
,,,knotweeds,,,,,,,,,,,,,,,,,,,,,hornbill,,,,,,,
,,,koa,,,,,,,,,,,,,,,,,,,,,hornbills,,,,,,,
,,,koala,,,,,,,,,,,,,,,,,,,,,hornwort,,,,,,,
,,,koalas,,,,,,,,,,,,,,,,,,,,,hornworts,,,,,,,
,,,kyrgyz horse,,,,,,,,,,,,,,,,,,,,,hospital and rehabilitation,,,,,,,
,,,kyrgyz horses,,,,,,,,,,,,,,,,,,,,,huemul,,,,,,,
,,,ladyslipper,,,,,,,,,,,,,,,,,,,,,huemuls,,,,,,,
,,,ladyslippers,,,,,,,,,,,,,,,,,,,,,hummingbird,,,,,,,
,,,land,,,,,,,,,,,,,,,,,,,,,hummingbirds,,,,,,,
,,,land use,,,,,,,,,,,,,,,,,,,,,humpback,,,,,,,
,,,land-use,,,,,,,,,,,,,,,,,,,,,humpbacks,,,,,,,
,,,landbird,,,,,,,,,,,,,,,,,,,,,ibex,,,,,,,
,,,landbirds,,,,,,,,,,,,,,,,,,,,,ibexes,,,,,,,
,,,lands,,,,,,,,,,,,,,,,,,,,,ibis,,,,,,,
,,,landscape,,,,,,,,,,,,,,,,,,,,,iguana,,,,,,,
,,,landscapes,,,,,,,,,,,,,,,,,,,,,iguanas,,,,,,,
,,,langur,,,,,,,,,,,,,,,,,,,,,indri,,,,,,,
,,,langurs,,,,,,,,,,,,,,,,,,,,,indris,,,,,,,
,,,large cat,,,,,,,,,,,,,,,,,,,,,insect,,,,,,,
,,,large cats,,,,,,,,,,,,,,,,,,,,,insects,,,,,,,
,,,lavender,,,,,,,,,,,,,,,,,,,,,jaguar,,,,,,,
,,,legume,,,,,,,,,,,,,,,,,,,,,jaguars,,,,,,,
,,,lemur,,,,,,,,,,,,,,,,,,,,,jay,,,,,,,
,,,lemurs,,,,,,,,,,,,,,,,,,,,,jays,,,,,,,
,,,leopard,,,,,,,,,,,,,,,,,,,,,juniper,,,,,,,
,,,leopards,,,,,,,,,,,,,,,,,,,,,kangaroo,,,,,,,
,,,lepidoptera,,,,,,,,,,,,,,,,,,,,,kangaroos,,,,,,,
,,,lion,,,,,,,,,,,,,,,,,,,,,kauri,,,,,,,
,,,lions,,,,,,,,,,,,,,,,,,,,,kauris,,,,,,,
,,,lizard,,,,,,,,,,,,,,,,,,,,,kea,,,,,,,
,,,lizard,,,,,,,,,,,,,,,,,,,,,keas,,,,,,,
,,,lizard,,,,,,,,,,,,,,,,,,,,,kelp,,,,,,,
,,,lizards,,,,,,,,,,,,,,,,,,,,,kestrel,,,,,,,
,,,lizards,,,,,,,,,,,,,,,,,,,,,kestrels,,,,,,,
,,,loosestrife,,,,,,,,,,,,,,,,,,,,,kingfisher,,,,,,,
,,,loosestrifes,,,,,,,,,,,,,,,,,,,,,kingfishers,,,,,,,
,,,loris,,,,,,,,,,,,,,,,,,,,,knotweed,,,,,,,
,,,lorises,,,,,,,,,,,,,,,,,,,,,knotweeds,,,,,,,
,,,lupine,,,,,,,,,,,,,,,,,,,,,koa,,,,,,,
,,,lupines,,,,,,,,,,,,,,,,,,,,,koala,,,,,,,
,,,lynx,,,,,,,,,,,,,,,,,,,,,koalas,,,,,,,
,,,lynxes,,,,,,,,,,,,,,,,,,,,,krill,,,,,,,
,,,macaque,,,,,,,,,,,,,,,,,,,,,kyrgyz horse,,,,,,,
,,,macaques,,,,,,,,,,,,,,,,,,,,,kyrgyz horses,,,,,,,
,,,magnolia,,,,,,,,,,,,,,,,,,,,,ladyslipper,,,,,,,
,,,magnolias,,,,,,,,,,,,,,,,,,,,,ladyslippers,,,,,,,
,,,magpie,,,,,,,,,,,,,,,,,,,,,lamprey,,,,,,,
,,,magpies,,,,,,,,,,,,,,,,,,,,,lampreys,,,,,,,
,,,mahoganies,,,,,,,,,,,,,,,,,,,,,landbird,,,,,,,
,,,mahogany,,,,,,,,,,,,,,,,,,,,,landbirds,,,,,,,
,,,maidenhair,,,,,,,,,,,,,,,,,,,,,langur,,,,,,,
,,,maidenhairs,,,,,,,,,,,,,,,,,,,,,langurs,,,,,,,
,,,mandrill,,,,,,,,,,,,,,,,,,,,,large cat,,,,,,,
,,,mandrills,,,,,,,,,,,,,,,,,,,,,large cats,,,,,,,
,,,maple,,,,,,,,,,,,,,,,,,,,,lemur,,,,,,,
,,,maples,,,,,,,,,,,,,,,,,,,,,lemurs,,,,,,,
,,,marmot,,,,,,,,,,,,,,,,,,,,,leopard,,,,,,,
,,,marmots,,,,,,,,,,,,,,,,,,,,,leopards,,,,,,,
,,,massasauga,,,,,,,,,,,,,,,,,,,,,lice,,,,,,,
,,,massasaugas,,,,,,,,,,,,,,,,,,,,,lices,,,,,,,
,,,meerkat,,,,,,,,,,,,,,,,,,,,,limpet,,,,,,,
,,,meerkat,,,,,,,,,,,,,,,,,,,,,limpets,,,,,,,
,,,meerkats,,,,,,,,,,,,,,,,,,,,,lion,,,,,,,
,,,megapode,,,,,,,,,,,,,,,,,,,,,lionfish,,,,,,,
,,,megapodes,,,,,,,,,,,,,,,,,,,,,lions,,,,,,,
,,,meranti,,,,,,,,,,,,,,,,,,,,,lizard,,,,,,,
,,,merantis,,,,,,,,,,,,,,,,,,,,,lizards,,,,,,,
,,,mice,,,,,,,,,,,,,,,,,,,,,lobster,,,,,,,
,,,milkweed,,,,,,,,,,,,,,,,,,,,,lobsters,,,,,,,
,,,milkweeds,,,,,,,,,,,,,,,,,,,,,longhorn beetles,,,,,,,
,,,millet,,,,,,,,,,,,,,,,,,,,,loon,,,,,,,
,,,millets,,,,,,,,,,,,,,,,,,,,,loons,,,,,,,
,,,mite,,,,,,,,,,,,,,,,,,,,,loris,,,,,,,
,,,mites,,,,,,,,,,,,,,,,,,,,,lorises,,,,,,,
,,,moabi,,,,,,,,,,,,,,,,,,,,,lupine,,,,,,,
,,,moabis,,,,,,,,,,,,,,,,,,,,,lupines,,,,,,,
,,,mole,,,,,,,,,,,,,,,,,,,,,lynx,,,,,,,
,,,moles,,,,,,,,,,,,,,,,,,,,,lynxes,,,,,,,
,,,monarch,,,,,,,,,,,,,,,,,,,,,macaque,,,,,,,
,,,monarchs,,,,,,,,,,,,,,,,,,,,,macaques,,,,,,,
,,,monkey,,,,,,,,,,,,,,,,,,,,,mackerel,,,,,,,
,,,monkeys,,,,,,,,,,,,,,,,,,,,,mackerels,,,,,,,
,,,moose,,,,,,,,,,,,,,,,,,,,,magnolia,,,,,,,
,,,moose,,,,,,,,,,,,,,,,,,,,,magnolias,,,,,,,
,,,moss,,,,,,,,,,,,,,,,,,,,,magpie,,,,,,,
,,,mosses,,,,,,,,,,,,,,,,,,,,,magpies,,,,,,,
,,,moth,,,,,,,,,,,,,,,,,,,,,mahoganies,,,,,,,
,,,moth,,,,,,,,,,,,,,,,,,,,,mahogany,,,,,,,
,,,moths,,,,,,,,,,,,,,,,,,,,,maidenhair,,,,,,,
,,,mountain,,,,,,,,,,,,,,,,,,,,,maidenhairs,,,,,,,
,,,mountains,,,,,,,,,,,,,,,,,,,,,mallard,,,,,,,
,,,mouse,,,,,,,,,,,,,,,,,,,,,mallards,,,,,,,
,,,mouse,,,,,,,,,,,,,,,,,,,,,mammal,,,,,,,
,,,mouses,,,,,,,,,,,,,,,,,,,,,mammals,,,,,,,
,,,muhly,,,,,,,,,,,,,,,,,,,,,manatee,,,,,,,
,,,muhly,,,,,,,,,,,,,,,,,,,,,manatees,,,,,,,
,,,mule,,,,,,,,,,,,,,,,,,,,,mandrill,,,,,,,
,,,mule deer,,,,,,,,,,,,,,,,,,,,,mandrills,,,,,,,
,,,mules,,,,,,,,,,,,,,,,,,,,,maple,,,,,,,
,,,muriqui,,,,,,,,,,,,,,,,,,,,,maples,,,,,,,
,,,muriquis,,,,,,,,,,,,,,,,,,,,,marlin,,,,,,,
,,,myotis,,,,,,,,,,,,,,,,,,,,,marlins,,,,,,,
,,,myotis,,,,,,,,,,,,,,,,,,,,,marmot,,,,,,,
,,,narcissus,,,,,,,,,,,,,,,,,,,,,marmots,,,,,,,
,,,narcissusi,,,,,,,,,,,,,,,,,,,,,massasauga,,,,,,,
,,,nene,,,,,,,,,,,,,,,,,,,,,massasaugas,,,,,,,
,,,nenes,,,,,,,,,,,,,,,,,,,,,meerkat,,,,,,,
,,,nightjar,,,,,,,,,,,,,,,,,,,,,meerkats,,,,,,,
,,,nightjars,,,,,,,,,,,,,,,,,,,,,megapode,,,,,,,
,,,nutmeg,,,,,,,,,,,,,,,,,,,,,megapodes,,,,,,,
,,,oak,,,,,,,,,,,,,,,,,,,,,menhaden,,,,,,,
,,,oaks,,,,,,,,,,,,,,,,,,,,,menhadens,,,,,,,
,,,ocelot,,,,,,,,,,,,,,,,,,,,,meranti,,,,,,,
,,,ocelots,,,,,,,,,,,,,,,,,,,,,merantis,,,,,,,
,,,okapi,,,,,,,,,,,,,,,,,,,,,migratory bird,,,,,,,
,,,okapis,,,,,,,,,,,,,,,,,,,,,migratory species,,,,,,,
,,,opossum,,,,,,,,,,,,,,,,,,,,,milkweed,,,,,,,
,,,opossums,,,,,,,,,,,,,,,,,,,,,milkweeds,,,,,,,
,,,orangutan,,,,,,,,,,,,,,,,,,,,,mite,,,,,,,
,,,orangutans,,,,,,,,,,,,,,,,,,,,,mites,,,,,,,
,,,orchid,,,,,,,,,,,,,,,,,,,,,moabi,,,,,,,
,,,orchid,,,,,,,,,,,,,,,,,,,,,moabis,,,,,,,
,,,orchids,,,,,,,,,,,,,,,,,,,,,mobula,,,,,,,
,,,owl,,,,,,,,,,,,,,,,,,,,,mobulas,,,,,,,
,,,owl,,,,,,,,,,,,,,,,,,,,,mole,,,,,,,
,,,owlet,,,,,,,,,,,,,,,,,,,,,moles,,,,,,,
,,,owlets,,,,,,,,,,,,,,,,,,,,,monarch,,,,,,,
,,,owls,,,,,,,,,,,,,,,,,,,,,monarchs,,,,,,,
,,,owls,,,,,,,,,,,,,,,,,,,,,monkey,,,,,,,
,,,ox,,,,,,,,,,,,,,,,,,,,,monkeys,,,,,,,
,,,oxen,,,,,,,,,,,,,,,,,,,,,monkfish,,,,,,,
,,,Pachyderm,,,,,,,,,,,,,,,,,,,,,monkfishes,,,,,,,
,,,Pachyderms,,,,,,,,,,,,,,,,,,,,,moose,,,,,,,
,,,painted dog,,,,,,,,,,,,,,,,,,,,,moose,,,,,,,
,,,painted dogs,,,,,,,,,,,,,,,,,,,,,moray,,,,,,,
,,,palila,,,,,,,,,,,,,,,,,,,,,morays,,,,,,,
,,,palilas,,,,,,,,,,,,,,,,,,,,,moss,,,,,,,
,,,palm,,,,,,,,,,,,,,,,,,,,,mosses,,,,,,,
,,,palms,,,,,,,,,,,,,,,,,,,,,moth,,,,,,,
,,,panda,,,,,,,,,,,,,,,,,,,,,moths,,,,,,,
,,,panda,,,,,,,,,,,,,,,,,,,,,mouse,,,,,,,
,,,pandanus,,,,,,,,,,,,,,,,,,,,,mouses,,,,,,,
,,,pandanuses,,,,,,,,,,,,,,,,,,,,,muhly,,,,,,,
,,,pandas,,,,,,,,,,,,,,,,,,,,,mule,,,,,,,
,,,pangolin,,,,,,,,,,,,,,,,,,,,,mule deer,,,,,,,
,,,pangolins,,,,,,,,,,,,,,,,,,,,,mules,,,,,,,
,,,papaya,,,,,,,,,,,,,,,,,,,,,muriqui,,,,,,,
,,,papayas,,,,,,,,,,,,,,,,,,,,,muriquis,,,,,,,
,,,parkland,,,,,,,,,,,,,,,,,,,,,murrelet,,,,,,,
,,,parklands,,,,,,,,,,,,,,,,,,,,,murrelets,,,,,,,
,,,parrot,,,,,,,,,,,,,,,,,,,,,muskellunge,,,,,,,
,,,parrot,,,,,,,,,,,,,,,,,,,,,muskellunges,,,,,,,
,,,parrots,,,,,,,,,,,,,,,,,,,,,mussel,,,,,,,
,,,parrots,,,,,,,,,,,,,,,,,,,,,mussels,,,,,,,
,,,partridge,,,,,,,,,,,,,,,,,,,,,myotis,,,,,,,
,,,partridges,,,,,,,,,,,,,,,,,,,,,narcissus,,,,,,,
,,,pasture,,,,,,,,,,,,,,,,,,,,,narcissusi,,,,,,,
,,,pea,,,,,,,,,,,,,,,,,,,,,nene,,,,,,,
,,,peach,,,,,,,,,,,,,,,,,,,,,nenes,,,,,,,
,,,peaches,,,,,,,,,,,,,,,,,,,,,nightjar,,,,,,,
,,,peacock,,,,,,,,,,,,,,,,,,,,,nightjars,,,,,,,
,,,peacocks,,,,,,,,,,,,,,,,,,,,,oak,,,,,,,
,,,peas,,,,,,,,,,,,,,,,,,,,,oak,,,,,,,
,,,peatland,,,,,,,,,,,,,,,,,,,,,oaks,,,,,,,
,,,peccaries,,,,,,,,,,,,,,,,,,,,,ocelot,,,,,,,
,,,peccary,,,,,,,,,,,,,,,,,,,,,ocelots,,,,,,,
,,,permafrost,,,,,,,,,,,,,,,,,,,,,okapi,,,,,,,
,,,pest,,,,,,,,,,,,,,,,,,,,,okapis,,,,,,,
,,,pheasant,,,,,,,,,,,,,,,,,,,,,opossum,,,,,,,
,,,pheasants,,,,,,,,,,,,,,,,,,,,,opossums,,,,,,,
,,,phoebe,,,,,,,,,,,,,,,,,,,,,orangutan,,,,,,,
,,,phoebes,,,,,,,,,,,,,,,,,,,,,orangutans,,,,,,,
,,,pig,,,,,,,,,,,,,,,,,,,,,orca,,,,,,,
,,,pigs,,,,,,,,,,,,,,,,,,,,,orcas,,,,,,,
,,,pika,,,,,,,,,,,,,,,,,,,,,orchid,,,,,,,
,,,pikas,,,,,,,,,,,,,,,,,,,,,orchids,,,,,,,
,,,pine,,,,,,,,,,,,,,,,,,,,,osprey,,,,,,,
,,,pine,,,,,,,,,,,,,,,,,,,,,ospreys,,,,,,,
,,,pines,,,,,,,,,,,,,,,,,,,,,otter,,,,,,,
,,,Pink Sand Verbena,,,,,,,,,,,,,,,,,,,,,otters,,,,,,,
,,,Pink Sand Verbenas,,,,,,,,,,,,,,,,,,,,,owl,,,,,,,
,,,pinyon,,,,,,,,,,,,,,,,,,,,,owlet,,,,,,,
,,,pinyons,,,,,,,,,,,,,,,,,,,,,owlets,,,,,,,
,,,pisonia,,,,,,,,,,,,,,,,,,,,,owls,,,,,,,
,,,pisonias,,,,,,,,,,,,,,,,,,,,,ox,,,,,,,
,,,pistachio,,,,,,,,,,,,,,,,,,,,,oxen,,,,,,,
,,,pistachios,,,,,,,,,,,,,,,,,,,,,oyster,,,,,,,
,,,plant,,,,,,,,,,,,,,,,,,,,,oyster,,,,,,,
,,,plants,,,,,,,,,,,,,,,,,,,,,oystercatcher,,,,,,,
,,,plant-insect,,,,,,,,,,,,,,,,,,,,,oystercatchers,,,,,,,
,,,plant-soil,,,,,,,,,,,,,,,,,,,,,oysters,,,,,,,
,,,plantain,,,,,,,,,,,,,,,,,,,,,Pachyderm,,,,,,,
,,,plantains,,,,,,,,,,,,,,,,,,,,,Pachyderms,,,,,,,
,,,pollinator,,,,,,,,,,,,,,,,,,,,,painted dog,,,,,,,
,,,pollinators,,,,,,,,,,,,,,,,,,,,,painted dogs,,,,,,,
,,,poplar,,,,,,,,,,,,,,,,,,,,,palila,,,,,,,
,,,poplars,,,,,,,,,,,,,,,,,,,,,palilas,,,,,,,
,,,porcupine,,,,,,,,,,,,,,,,,,,,,palm,,,,,,,
,,,porcupines,,,,,,,,,,,,,,,,,,,,,palms,,,,,,,
,,,prairie,,,,,,,,,,,,,,,,,,,,,panda,,,,,,,
,,,Prairie Dog,,,,,,,,,,,,,,,,,,,,,pandanus,,,,,,,
,,,Prairie Dogs,,,,,,,,,,,,,,,,,,,,,pandanuses,,,,,,,
,,,primate,,,,,,,,,,,,,,,,,,,,,pandas,,,,,,,
,,,primates,,,,,,,,,,,,,,,,,,,,,pangolin,,,,,,,
,,,pronghorn,,,,,,,,,,,,,,,,,,,,,pangolins,,,,,,,
,,,pronghorns,,,,,,,,,,,,,,,,,,,,,papaya,,,,,,,
,,,pudu,,,,,,,,,,,,,,,,,,,,,papayas,,,,,,,
,,,pudus,,,,,,,,,,,,,,,,,,,,,parrot,,,,,,,
,,,puma,,,,,,,,,,,,,,,,,,,,,parrots,,,,,,,
,,,pumas,,,,,,,,,,,,,,,,,,,,,parrots,,,,,,,
,,,python,,,,,,,,,,,,,,,,,,,,,partridge,,,,,,,
,,,pythons,,,,,,,,,,,,,,,,,,,,,partridges,,,,,,,
,,,quail,,,,,,,,,,,,,,,,,,,,,peach,,,,,,,
,,,quails,,,,,,,,,,,,,,,,,,,,,peaches,,,,,,,
,,,rabbit,,,,,,,,,,,,,,,,,,,,,peacock,,,,,,,
,,,rabbit,,,,,,,,,,,,,,,,,,,,,peacocks,,,,,,,
,,,rabbits,,,,,,,,,,,,,,,,,,,,,peccaries,,,,,,,
,,,raccoon,,,,,,,,,,,,,,,,,,,,,peccary,,,,,,,
,,,raccoons,,,,,,,,,,,,,,,,,,,,,pelican,,,,,,,
,,,rainforest,,,,,,,,,,,,,,,,,,,,,pelicans,,,,,,,
,,,rangeland,,,,,,,,,,,,,,,,,,,,,penguin,,,,,,,
,,,rangelands,,,,,,,,,,,,,,,,,,,,,penguins,,,,,,,
,,,rat,,,,,,,,,,,,,,,,,,,,,perch,,,,,,,
,,,rats,,,,,,,,,,,,,,,,,,,,,perches,,,,,,,
,,,rattan,,,,,,,,,,,,,,,,,,,,,petrel,,,,,,,
,,,rattans,,,,,,,,,,,,,,,,,,,,,petrels,,,,,,,
,,,rattlesnake,,,,,,,,,,,,,,,,,,,,,pheasant,,,,,,,
,,,rattlesnakes,,,,,,,,,,,,,,,,,,,,,pheasants,,,,,,,
,,,raven,,,,,,,,,,,,,,,,,,,,,phoebe,,,,,,,
,,,ravens,,,,,,,,,,,,,,,,,,,,,phoebes,,,,,,,
,,,red deer,,,,,,,,,,,,,,,,,,,,,pig,,,,,,,
,,,redbud,,,,,,,,,,,,,,,,,,,,,pigs,,,,,,,
,,,redbuds,,,,,,,,,,,,,,,,,,,,,pika,,,,,,,
,,,redwood,,,,,,,,,,,,,,,,,,,,,pikas,,,,,,,
,,,redwoods,,,,,,,,,,,,,,,,,,,,,pine,,,,,,,
,,,reforestation,,,,,,,,,,,,,,,,,,,,,pines,,,,,,,
,,,rhea,,,,,,,,,,,,,,,,,,,,,Pink Sand Verbena,,,,,,,
,,,rheas,,,,,,,,,,,,,,,,,,,,,Pink Sand Verbenas,,,,,,,
,,,rhino,,,,,,,,,,,,,,,,,,,,,pinniped,,,,,,,
,,,rhino,,,,,,,,,,,,,,,,,,,,,pintail,,,,,,,
,,,rhinoceros,,,,,,,,,,,,,,,,,,,,,pintails,,,,,,,
,,,rhinoceros,,,,,,,,,,,,,,,,,,,,,pinyon,,,,,,,
,,,rhinoceroses,,,,,,,,,,,,,,,,,,,,,pinyons,,,,,,,
,,,rhinos,,,,,,,,,,,,,,,,,,,,,pisonia,,,,,,,
,,,rhododendron,,,,,,,,,,,,,,,,,,,,,pisonias,,,,,,,
,,,rhododendrons,,,,,,,,,,,,,,,,,,,,,pistachio,,,,,,,
,,,rice,,,,,,,,,,,,,,,,,,,,,pistachios,,,,,,,
,,,rice,,,,,,,,,,,,,,,,,,,,,plankton,,,,,,,
,,,roads,,,,,,,,,,,,,,,,,,,,,platypus,,,,,,,
,,,rock-wallabies,,,,,,,,,,,,,,,,,,,,,platypuses,,,,,,,
,,,rock-wallaby,,,,,,,,,,,,,,,,,,,,,poach,,,,,,,
,,,rodent,,,,,,,,,,,,,,,,,,,,,poacher,,,,,,,
,,,rose,,,,,,,,,,,,,,,,,,,,,poachers,,,,,,,
,,,roses,,,,,,,,,,,,,,,,,,,,,poaching,,,,,,,
,,,ruminant,,,,,,,,,,,,,,,,,,,,,plover,,,,,,,
,,,sable,,,,,,,,,,,,,,,,,,,,,plovers,,,,,,,
,,,sables,,,,,,,,,,,,,,,,,,,,,pollinator,,,,,,,
,,,sage grouse,,,,,,,,,,,,,,,,,,,,,pollinators,,,,,,,
,,,sage grouses,,,,,,,,,,,,,,,,,,,,,pollock,,,,,,,
,,,sage-grouse,,,,,,,,,,,,,,,,,,,,,pollocks,,,,,,,
,,,sage-grouses,,,,,,,,,,,,,,,,,,,,,poplar,,,,,,,
,,,sago,,,,,,,,,,,,,,,,,,,,,poplars,,,,,,,
,,,sagos,,,,,,,,,,,,,,,,,,,,,porcupine,,,,,,,
,,,saguaro,,,,,,,,,,,,,,,,,,,,,porcupines,,,,,,,
,,,saguaros,,,,,,,,,,,,,,,,,,,,,porpoise,,,,,,,
,,,saiga,,,,,,,,,,,,,,,,,,,,,porpoises,,,,,,,
,,,saigas,,,,,,,,,,,,,,,,,,,,,Prairie Dog,,,,,,,
,,,saki,,,,,,,,,,,,,,,,,,,,,Prairie Dogs,,,,,,,
,,,sakis,,,,,,,,,,,,,,,,,,,,,prawn,,,,,,,
,,,sandalwood,,,,,,,,,,,,,,,,,,,,,prawns,,,,,,,
,,,sandalwoods,,,,,,,,,,,,,,,,,,,,,primate,,,,,,,
,,,sassafras,,,,,,,,,,,,,,,,,,,,,primates,,,,,,,
,,,sassafrases,,,,,,,,,,,,,,,,,,,,,pronghorn,,,,,,,
,,,satyr,,,,,,,,,,,,,,,,,,,,,pronghorns,,,,,,,
,,,satyrs,,,,,,,,,,,,,,,,,,,,,protect wildlife,,,,,,,
,,,savanna,,,,,,,,,,,,,,,,,,,,,protecting species,,,,,,,
,,,savannah,,,,,,,,,,,,,,,,,,,,,pudu,,,,,,,
,,,scorpion,,,,,,,,,,,,,,,,,,,,,pudus,,,,,,,
,,,scorpions,,,,,,,,,,,,,,,,,,,,,puffin,,,,,,,
,,,seed,,,,,,,,,,,,,,,,,,,,,puffins,,,,,,,
,,,seeds,,,,,,,,,,,,,,,,,,,,,puma,,,,,,,
,,,sequoia,,,,,,,,,,,,,,,,,,,,,pumas,,,,,,,
,,,sequoias,,,,,,,,,,,,,,,,,,,,,pupfish,,,,,,,
,,,sheep,,,,,,,,,,,,,,,,,,,,,pupfishes,,,,,,,
,,,sheep,,,,,,,,,,,,,,,,,,,,,python,,,,,,,
,,,sheeps,,,,,,,,,,,,,,,,,,,,,pythons,,,,,,,
,,,shrew,,,,,,,,,,,,,,,,,,,,,quail,,,,,,,
,,,shrews,,,,,,,,,,,,,,,,,,,,,quails,,,,,,,
,,,shrike,,,,,,,,,,,,,,,,,,,,,rabbit,,,,,,,
,,,shrikes,,,,,,,,,,,,,,,,,,,,,rabbits,,,,,,,
,,,shrubland,,,,,,,,,,,,,,,,,,,,,raccoon,,,,,,,
,,,shrublands,,,,,,,,,,,,,,,,,,,,,raccoons,,,,,,,
,,,siamang,,,,,,,,,,,,,,,,,,,,,raptor,,,,,,,
,,,siamangs,,,,,,,,,,,,,,,,,,,,,raptor rehabilitation,,,,,,,
,,,sifaka,,,,,,,,,,,,,,,,,,,,,rare species,,,,,,,
,,,sifakas,,,,,,,,,,,,,,,,,,,,,rat,,,,,,,
,,,skipper,,,,,,,,,,,,,,,,,,,,,rats,,,,,,,
,,,skippers,,,,,,,,,,,,,,,,,,,,,rattan,,,,,,,
,,,small cat,,,,,,,,,,,,,,,,,,,,,rattans,,,,,,,
,,,small cats,,,,,,,,,,,,,,,,,,,,,rattlesnake,,,,,,,
,,,small mammals,,,,,,,,,,,,,,,,,,,,,rattlesnakes,,,,,,,
,,,snake,,,,,,,,,,,,,,,,,,,,,raven,,,,,,,
,,,snake,,,,,,,,,,,,,,,,,,,,,ravens,,,,,,,
,,,snakes,,,,,,,,,,,,,,,,,,,,,ray,,,,,,,
,,,snakes,,,,,,,,,,,,,,,,,,,,,rays,,,,,,,
,,,snow,,,,,,,,,,,,,,,,,,,,,recovery plan,,,,,,,
,,,soil,,,,,,,,,,,,,,,,,,,,,red deer,,,,,,,
,,,soils,,,,,,,,,,,,,,,,,,,,,redbud,,,,,,,
,,,songbird,,,,,,,,,,,,,,,,,,,,,redbuds,,,,,,,
,,,soybean,,,,,,,,,,,,,,,,,,,,,redfish,,,,,,,
,,,soybean,,,,,,,,,,,,,,,,,,,,,redfishes,,,,,,,
,,,soybeans,,,,,,,,,,,,,,,,,,,,,redwood,,,,,,,
,,,spider,,,,,,,,,,,,,,,,,,,,,redwoods,,,,,,,
,,,spiders,,,,,,,,,,,,,,,,,,,,,refuge and rehabilitation,,,,,,,
,,,spleenwort,,,,,,,,,,,,,,,,,,,,,rehabilitate and release,,,,,,,
,,,spleenworts,,,,,,,,,,,,,,,,,,,,,rehabilitate and return,,,,,,,
,,,spruce,,,,,,,,,,,,,,,,,,,,,rehabilitate birds,,,,,,,
,,,spruces,,,,,,,,,,,,,,,,,,,,,rehabilitate ill,,,,,,,
,,,squirrel,,,,,,,,,,,,,,,,,,,,,rehabilitate injured,,,,,,,
,,,squirrel,,,,,,,,,,,,,,,,,,,,,rehabilitate marine mammals,,,,,,,
,,,squirrels,,,,,,,,,,,,,,,,,,,,,rehabilitate rescued,,,,,,,
,,,squirrels,,,,,,,,,,,,,,,,,,,,,rehabilitate wild animals,,,,,,,
,,,sugarcane,,,,,,,,,,,,,,,,,,,,,rehabilitate wildlife,,,,,,,
,,,swallow,,,,,,,,,,,,,,,,,,,,,rehabilitated animals,,,,,,,
,,,swallow,,,,,,,,,,,,,,,,,,,,,rehabilitating,,,,,,,
,,,swallows,,,,,,,,,,,,,,,,,,,,,rehabilitation,,,,,,,
,,,swallowtail,,,,,,,,,,,,,,,,,,,,,rehabilitation and release,,,,,,,
,,,swallowtails,,,,,,,,,,,,,,,,,,,,,rehabilitation facility,,,,,,,
,,,swift,,,,,,,,,,,,,,,,,,,,,rehabilitation hospital,,,,,,,
,,,swifts,,,,,,,,,,,,,,,,,,,,,rehabilitation of injured,,,,,,,
,,,sycamore,,,,,,,,,,,,,,,,,,,,,releasing,,,,,,,
,,,sycamores,,,,,,,,,,,,,,,,,,,,,rescue,,,,,,,
,,,taiga,,,,,,,,,,,,,,,,,,,,,rescue and rehabilitation,,,,,,,
,,,takin,,,,,,,,,,,,,,,,,,,,,"response, rehabilitation",,,,,,,
,,,takins,,,,,,,,,,,,,,,,,,,,,rhea,,,,,,,
,,,tallgrass,,,,,,,,,,,,,,,,,,,,,rheas,,,,,,,
,,,tamarin,,,,,,,,,,,,,,,,,,,,,rhino,,,,,,,
,,,tamarins,,,,,,,,,,,,,,,,,,,,,rhinoceros,,,,,,,
,,,tamarisk,,,,,,,,,,,,,,,,,,,,,rhinoceroses,,,,,,,
,,,tamarisks,,,,,,,,,,,,,,,,,,,,,rhinos,,,,,,,
,,,tanager,,,,,,,,,,,,,,,,,,,,,rhododendron,,,,,,,
,,,tanagers,,,,,,,,,,,,,,,,,,,,,rhododendrons,,,,,,,
,,,tapir,,,,,,,,,,,,,,,,,,,,,ridley,,,,,,,
,,,tapirs,,,,,,,,,,,,,,,,,,,,,ridley sea turtle,,,,,,,
,,,taro,,,,,,,,,,,,,,,,,,,,,ridley sea turtles,,,,,,,
,,,taros,,,,,,,,,,,,,,,,,,,,,ridleys,,,,,,,
,,,tasmanian devil,,,,,,,,,,,,,,,,,,,,,rock-wallabies,,,,,,,
,,,tea,,,,,,,,,,,,,,,,,,,,,rock-wallaby,,,,,,,
,,,tenkile,,,,,,,,,,,,,,,,,,,,,rockfish,,,,,,,
,,,tenkiles,,,,,,,,,,,,,,,,,,,,,rockfishes,,,,,,,
,,,terrestrial,,,,,,,,,,,,,,,,,,,,,rose,,,,,,,
,,,thrush,,,,,,,,,,,,,,,,,,,,,roses,,,,,,,
,,,thrushes,,,,,,,,,,,,,,,,,,,,,sable,,,,,,,
,,,tiger,,,,,,,,,,,,,,,,,,,,,sables,,,,,,,
,,,tiger,,,,,,,,,,,,,,,,,,,,,sage grouse,,,,,,,
,,,tigers,,,,,,,,,,,,,,,,,,,,,sage grouses,,,,,,,
,,,tit,,,,,,,,,,,,,,,,,,,,,sage-grouse,,,,,,,
,,,titi,,,,,,,,,,,,,,,,,,,,,sage-grouses,,,,,,,
,,,titis,,,,,,,,,,,,,,,,,,,,,sago,,,,,,,
,,,tits,,,,,,,,,,,,,,,,,,,,,sagos,,,,,,,
,,,toadflax,,,,,,,,,,,,,,,,,,,,,saguaro,,,,,,,
,,,toadflaxes,,,,,,,,,,,,,,,,,,,,,saguaros,,,,,,,
,,,tomato,,,,,,,,,,,,,,,,,,,,,saiga,,,,,,,
,,,tomatoes,,,,,,,,,,,,,,,,,,,,,saigas,,,,,,,
,,,tongass,,,,,,,,,,,,,,,,,,,,,saki,,,,,,,
,,,tortoise,,,,,,,,,,,,,,,,,,,,,sakis,,,,,,,
,,,tortoises,,,,,,,,,,,,,,,,,,,,,salamander,,,,,,,
,,,trail,,,,,,,,,,,,,,,,,,,,,salamanders,,,,,,,
,,,tree,,,,,,,,,,,,,,,,,,,,,salmon,,,,,,,
,,,tree,,,,,,,,,,,,,,,,,,,,,salmon,,,,,,,
,,,trees,,,,,,,,,,,,,,,,,,,,,sandalwood,,,,,,,
,,,trees,,,,,,,,,,,,,,,,,,,,,sandalwoods,,,,,,,
,,,tui,,,,,,,,,,,,,,,,,,,,,sandpiper,,,,,,,
,,,tuis,,,,,,,,,,,,,,,,,,,,,sandpipers,,,,,,,
,,,tundra,,,,,,,,,,,,,,,,,,,,,sardine,,,,,,,
,,,tupelo,,,,,,,,,,,,,,,,,,,,,sardines,,,,,,,
,,,tupelos,,,,,,,,,,,,,,,,,,,,,sardines,,,,,,,
,,,turkey,,,,,,,,,,,,,,,,,,,,,sardines,,,,,,,
,,,turkeys,,,,,,,,,,,,,,,,,,,,,sargassum,,,,,,,
,,,ungulate,,,,,,,,,,,,,,,,,,,,,sargassums,,,,,,,
,,,ungulates,,,,,,,,,,,,,,,,,,,,,sassafras,,,,,,,
,,,urban,,,,,,,,,,,,,,,,,,,,,sassafrases,,,,,,,
,,,valley,,,,,,,,,,,,,,,,,,,,,satyr,,,,,,,
,,,vegetation,,,,,,,,,,,,,,,,,,,,,satyrs,,,,,,,
,,,vireo,,,,,,,,,,,,,,,,,,,,,sawfish,,,,,,,
,,,vireos,,,,,,,,,,,,,,,,,,,,,sawfishes,,,,,,,
,,,vole,,,,,,,,,,,,,,,,,,,,,scorpion,,,,,,,
,,,voles,,,,,,,,,,,,,,,,,,,,,scorpions,,,,,,,
,,,vulture,,,,,,,,,,,,,,,,,,,,,sea dragon,,,,,,,
,,,vultures,,,,,,,,,,,,,,,,,,,,,sea dragons,,,,,,,
,,,wallabies,,,,,,,,,,,,,,,,,,,,,seabird,,,,,,,
,,,wallaby,,,,,,,,,,,,,,,,,,,,,seabirds,,,,,,,
,,,walnut,,,,,,,,,,,,,,,,,,,,,seagrass,,,,,,,
,,,walnuts,,,,,,,,,,,,,,,,,,,,,seagrasses,,,,,,,
,,,warbler,,,,,,,,,,,,,,,,,,,,,seahorse,,,,,,,
,,,warblers,,,,,,,,,,,,,,,,,,,,,seahorses,,,,,,,
,,,weasel,,,,,,,,,,,,,,,,,,,,,seal,,,,,,,
,,,weasels,,,,,,,,,,,,,,,,,,,,,seals,,,,,,,
,,,weed,,,,,,,,,,,,,,,,,,,,,seaweed,,,,,,,
,,,weed,,,,,,,,,,,,,,,,,,,,,seaweeds,,,,,,,
,,,weeds,,,,,,,,,,,,,,,,,,,,,seed,,,,,,,
,,,weevil,,,,,,,,,,,,,,,,,,,,,seeds,,,,,,,
,,,weevils,,,,,,,,,,,,,,,,,,,,,sequoia,,,,,,,
,,,weta,,,,,,,,,,,,,,,,,,,,,sequoias,,,,,,,
,,,wetas,,,,,,,,,,,,,,,,,,,,,shad,,,,,,,
,,,wheat,,,,,,,,,,,,,,,,,,,,,shads,,,,,,,
,,,wheatgrass,,,,,,,,,,,,,,,,,,,,,shark,,,,,,,
,,,wheatgrasses,,,,,,,,,,,,,,,,,,,,,sharks,,,,,,,
,,,whip-poor-will,,,,,,,,,,,,,,,,,,,,,sheep,,,,,,,
,,,whip-poor-wills,,,,,,,,,,,,,,,,,,,,,sheeps,,,,,,,
,,,whippoorwill,,,,,,,,,,,,,,,,,,,,,shellfish,,,,,,,
,,,whippoorwills,,,,,,,,,,,,,,,,,,,,,shellfishes,,,,,,,
,,,wild cat,,,,,,,,,,,,,,,,,,,,,shorebird,,,,,,,
,,,wild cats,,,,,,,,,,,,,,,,,,,,,shorebirds,,,,,,,
,,,wild dog,,,,,,,,,,,,,,,,,,,,,shrew,,,,,,,
,,,wild dog,,,,,,,,,,,,,,,,,,,,,shrews,,,,,,,
,,,wild dogs,,,,,,,,,,,,,,,,,,,,,shrike,,,,,,,
,,,wild dogs,,,,,,,,,,,,,,,,,,,,,shrikes,,,,,,,
,,,wild horse,,,,,,,,,,,,,,,,,,,,,shrimp,,,,,,,
,,,wild horses,,,,,,,,,,,,,,,,,,,,,shrimps,,,,,,,
,,,wild lands,,,,,,,,,,,,,,,,,,,,,siamang,,,,,,,
,,,wildcat,,,,,,,,,,,,,,,,,,,,,siamangs,,,,,,,
,,,wildcats,,,,,,,,,,,,,,,,,,,,,sifaka,,,,,,,
,,,wilderness,,,,,,,,,,,,,,,,,,,,,sifakas,,,,,,,
,,,wildfire,,,,,,,,,,,,,,,,,,,,,skate,,,,,,,
,,,wildfires,,,,,,,,,,,,,,,,,,,,,skates,,,,,,,
,,,wolf,,,,,,,,,,,,,,,,,,,,,skimmer,,,,,,,
,,,wolf,,,,,,,,,,,,,,,,,,,,,skimmers,,,,,,,
,,,wolverine,,,,,,,,,,,,,,,,,,,,,skipper,,,,,,,
,,,wolverines,,,,,,,,,,,,,,,,,,,,,skippers,,,,,,,
,,,wolves,,,,,,,,,,,,,,,,,,,,,slider,,,,,,,
,,,wolves,,,,,,,,,,,,,,,,,,,,,sliders,,,,,,,
,,,wolves,,,,,,,,,,,,,,,,,,,,,small cat,,,,,,,
,,,wolves,,,,,,,,,,,,,,,,,,,,,small cats,,,,,,,
,,,wood,,,,,,,,,,,,,,,,,,,,,snake,,,,,,,
,,,woodcock,,,,,,,,,,,,,,,,,,,,,snakes,,,,,,,
,,,woodcocks,,,,,,,,,,,,,,,,,,,,,snapper,,,,,,,
,,,woodland,,,,,,,,,,,,,,,,,,,,,snappers,,,,,,,
,,,woodland,,,,,,,,,,,,,,,,,,,,,snook,,,,,,,
,,,woodlands,,,,,,,,,,,,,,,,,,,,,snooks,,,,,,,
,,,woodpecker,,,,,,,,,,,,,,,,,,,,,sockeye,,,,,,,
,,,woodpeckers,,,,,,,,,,,,,,,,,,,,,sockeye salmon,,,,,,,
,,,worm,,,,,,,,,,,,,,,,,,,,,sockeyes,,,,,,,
,,,worms,,,,,,,,,,,,,,,,,,,,,softshell,,,,,,,
,,,wren,,,,,,,,,,,,,,,,,,,,,softshells,,,,,,,
,,,wrens,,,,,,,,,,,,,,,,,,,,,songbird,,,,,,,
,,,yak,,,,,,,,,,,,,,,,,,,,,species protection,,,,,,,
,,,yaks,,,,,,,,,,,,,,,,,,,,,spider,,,,,,,
,,,yam,,,,,,,,,,,,,,,,,,,,,spiders,,,,,,,
,,,yams,,,,,,,,,,,,,,,,,,,,,spinedace,,,,,,,
,,,yeast,,,,,,,,,,,,,,,,,,,,,spinedaces,,,,,,,
,,,zebra,,,,,,,,,,,,,,,,,,,,,spleenwort,,,,,,,
,,,zebra,,,,,,,,,,,,,,,,,,,,,spleenworts,,,,,,,
,,,zebras,,,,,,,,,,,,,,,,,,,,,spoonbill,,,,,,,
,,,panther,,,,,,,,,,,,,,,,,,,,,spoonbills,,,,,,,
,,,panthers,,,,,,,,,,,,,,,,,,,,,spruce,,,,,,,
,,,grizzlies,,,,,,,,,,,,,,,,,,,,,spruces,,,,,,,
,,,,,,,,,,,,,,,,,,,,,,,,squid,,,,,,,
,,,,,,,,,,,,,,,,,,,,,,,,squids,,,,,,,
,,,,,,,,,,,,,,,,,,,,,,,,squirrel,,,,,,,
,,,,,,,,,,,,,,,,,,,,,,,,squirrels,,,,,,,
,,,,,,,,,,,,,,,,,,,,,,,,staghorn,,,,,,,
,,,,,,,,,,,,,,,,,,,,,,,,staghorns,,,,,,,
,,,,,,,,,,,,,,,,,,,,,,,,steelhead,,,,,,,
,,,,,,,,,,,,,,,,,,,,,,,,steelheads,,,,,,,
,,,,,,,,,,,,,,,,,,,,,,,,stingray,,,,,,,
,,,,,,,,,,,,,,,,,,,,,,,,stingrays,,,,,,,
,,,,,,,,,,,,,,,,,,,,,,,,stork,,,,,,,
,,,,,,,,,,,,,,,,,,,,,,,,storks,,,,,,,
,,,,,,,,,,,,,,,,,,,,,,,,sturgeon,,,,,,,
,,,,,,,,,,,,,,,,,,,,,,,,sturgeons,,,,,,,
,,,,,,,,,,,,,,,,,,,,,,,,swallow,,,,,,,
,,,,,,,,,,,,,,,,,,,,,,,,swallows,,,,,,,
,,,,,,,,,,,,,,,,,,,,,,,,swallowtail,,,,,,,
,,,,,,,,,,,,,,,,,,,,,,,,swallowtails,,,,,,,
,,,,,,,,,,,,,,,,,,,,,,,,swan,,,,,,,
,,,,,,,,,,,,,,,,,,,,,,,,swans,,,,,,,
,,,,,,,,,,,,,,,,,,,,,,,,swift,,,,,,,
,,,,,,,,,,,,,,,,,,,,,,,,swifts,,,,,,,
,,,,,,,,,,,,,,,,,,,,,,,,swordfish,,,,,,,
,,,,,,,,,,,,,,,,,,,,,,,,swordfishes,,,,,,,
,,,,,,,,,,,,,,,,,,,,,,,,sycamore,,,,,,,
,,,,,,,,,,,,,,,,,,,,,,,,sycamores,,,,,,,
,,,,,,,,,,,,,,,,,,,,,,,,takin,,,,,,,
,,,,,,,,,,,,,,,,,,,,,,,,takins,,,,,,,
,,,,,,,,,,,,,,,,,,,,,,,,tamarin,,,,,,,
,,,,,,,,,,,,,,,,,,,,,,,,tamarins,,,,,,,
,,,,,,,,,,,,,,,,,,,,,,,,tamarisk,,,,,,,
,,,,,,,,,,,,,,,,,,,,,,,,tamarisks,,,,,,,
,,,,,,,,,,,,,,,,,,,,,,,,tanager,,,,,,,
,,,,,,,,,,,,,,,,,,,,,,,,tanagers,,,,,,,
,,,,,,,,,,,,,,,,,,,,,,,,tapir,,,,,,,
,,,,,,,,,,,,,,,,,,,,,,,,tapirs,,,,,,,
,,,,,,,,,,,,,,,,,,,,,,,,tarpon,,,,,,,
,,,,,,,,,,,,,,,,,,,,,,,,tarpons,,,,,,,
,,,,,,,,,,,,,,,,,,,,,,,,tenkile,,,,,,,
,,,,,,,,,,,,,,,,,,,,,,,,tenkiles,,,,,,,
,,,,,,,,,,,,,,,,,,,,,,,,tern,,,,,,,
,,,,,,,,,,,,,,,,,,,,,,,,terns,,,,,,,
,,,,,,,,,,,,,,,,,,,,,,,,threatened species,,,,,,,
,,,,,,,,,,,,,,,,,,,,,,,,thresher,,,,,,,
,,,,,,,,,,,,,,,,,,,,,,,,threshers,,,,,,,
,,,,,,,,,,,,,,,,,,,,,,,,thrush,,,,,,,
,,,,,,,,,,,,,,,,,,,,,,,,thrushes,,,,,,,
,,,,,,,,,,,,,,,,,,,,,,,,tiger,,,,,,,
,,,,,,,,,,,,,,,,,,,,,,,,tigers,,,,,,,
,,,,,,,,,,,,,,,,,,,,,,,,tilapia,,,,,,,
,,,,,,,,,,,,,,,,,,,,,,,,tilapias,,,,,,,
,,,,,,,,,,,,,,,,,,,,,,,,tit,,,,,,,
,,,,,,,,,,,,,,,,,,,,,,,,titi,,,,,,,
,,,,,,,,,,,,,,,,,,,,,,,,titis,,,,,,,
,,,,,,,,,,,,,,,,,,,,,,,,tits,,,,,,,
,,,,,,,,,,,,,,,,,,,,,,,,toad,,,,,,,
,,,,,,,,,,,,,,,,,,,,,,,,toadflax,,,,,,,
,,,,,,,,,,,,,,,,,,,,,,,,toadflaxes,,,,,,,
,,,,,,,,,,,,,,,,,,,,,,,,toads,,,,,,,
,,,,,,,,,,,,,,,,,,,,,,,,tortoise,,,,,,,
,,,,,,,,,,,,,,,,,,,,,,,,tortoises,,,,,,,
,,,,,,,,,,,,,,,,,,,,,,,,totoaba,,,,,,,
,,,,,,,,,,,,,,,,,,,,,,,,totoabas,,,,,,,
,,,,,,,,,,,,,,,,,,,,,,,,translocation,,,,,,,
,,,,,,,,,,,,,,,,,,,,,,,,translocations,,,,,,,
,,,,,,,,,,,,,,,,,,,,,,,,tree,,,,,,,
,,,,,,,,,,,,,,,,,,,,,,,,trees,,,,,,,
,,,,,,,,,,,,,,,,,,,,,,,,trout,,,,,,,
,,,,,,,,,,,,,,,,,,,,,,,,trout,,,,,,,
,,,,,,,,,,,,,,,,,,,,,,,,trouts,,,,,,,
,,,,,,,,,,,,,,,,,,,,,,,,tui,,,,,,,
,,,,,,,,,,,,,,,,,,,,,,,,tuis,,,,,,,
,,,,,,,,,,,,,,,,,,,,,,,,tuna,,,,,,,
,,,,,,,,,,,,,,,,,,,,,,,,tunas,,,,,,,
,,,,,,,,,,,,,,,,,,,,,,,,tupelo,,,,,,,
,,,,,,,,,,,,,,,,,,,,,,,,tupelos,,,,,,,
,,,,,,,,,,,,,,,,,,,,,,,,turkey,,,,,,,
,,,,,,,,,,,,,,,,,,,,,,,,turkeys,,,,,,,
,,,,,,,,,,,,,,,,,,,,,,,,turtle,,,,,,,
,,,,,,,,,,,,,,,,,,,,,,,,turtles,,,,,,,
,,,,,,,,,,,,,,,,,,,,,,,,vaquita,,,,,,,
,,,,,,,,,,,,,,,,,,,,,,,,vaquitas,,,,,,,
,,,,,,,,,,,,,,,,,,,,,,,,vireo,,,,,,,
,,,,,,,,,,,,,,,,,,,,,,,,vireos,,,,,,,
,,,,,,,,,,,,,,,,,,,,,,,,vole,,,,,,,
,,,,,,,,,,,,,,,,,,,,,,,,voles,,,,,,,
,,,,,,,,,,,,,,,,,,,,,,,,vulture,,,,,,,
,,,,,,,,,,,,,,,,,,,,,,,,vultures,,,,,,,
,,,,,,,,,,,,,,,,,,,,,,,,wallabies,,,,,,,
,,,,,,,,,,,,,,,,,,,,,,,,wallaby,,,,,,,
,,,,,,,,,,,,,,,,,,,,,,,,walleye,,,,,,,
,,,,,,,,,,,,,,,,,,,,,,,,walleyes,,,,,,,
,,,,,,,,,,,,,,,,,,,,,,,,walrus,,,,,,,
,,,,,,,,,,,,,,,,,,,,,,,,walruses,,,,,,,
,,,,,,,,,,,,,,,,,,,,,,,,warbler,,,,,,,
,,,,,,,,,,,,,,,,,,,,,,,,warblers,,,,,,,
,,,,,,,,,,,,,,,,,,,,,,,,waterfowl,,,,,,,
,,,,,,,,,,,,,,,,,,,,,,,,waterthrush,,,,,,,
,,,,,,,,,,,,,,,,,,,,,,,,waterthrushes,,,,,,,
,,,,,,,,,,,,,,,,,,,,,,,,weasel,,,,,,,
,,,,,,,,,,,,,,,,,,,,,,,,weasels,,,,,,,
,,,,,,,,,,,,,,,,,,,,,,,,weed,,,,,,,
,,,,,,,,,,,,,,,,,,,,,,,,weeds,,,,,,,
,,,,,,,,,,,,,,,,,,,,,,,,weevil,,,,,,,
,,,,,,,,,,,,,,,,,,,,,,,,weevils,,,,,,,
,,,,,,,,,,,,,,,,,,,,,,,,weta,,,,,,,
,,,,,,,,,,,,,,,,,,,,,,,,wetas,,,,,,,
,,,,,,,,,,,,,,,,,,,,,,,,whale,,,,,,,
,,,,,,,,,,,,,,,,,,,,,,,,whales,,,,,,,
,,,,,,,,,,,,,,,,,,,,,,,,wheatgrass,,,,,,,
,,,,,,,,,,,,,,,,,,,,,,,,wheatgrasses,,,,,,,
,,,,,,,,,,,,,,,,,,,,,,,,whip-poor-will,,,,,,,
,,,,,,,,,,,,,,,,,,,,,,,,whip-poor-wills,,,,,,,
,,,,,,,,,,,,,,,,,,,,,,,,whippoorwill,,,,,,,
,,,,,,,,,,,,,,,,,,,,,,,,whippoorwills,,,,,,,
,,,,,,,,,,,,,,,,,,,,,,,,whitefish,,,,,,,
,,,,,,,,,,,,,,,,,,,,,,,,whitefishes,,,,,,,
,,,,,,,,,,,,,,,,,,,,,,,,wild cat,,,,,,,
,,,,,,,,,,,,,,,,,,,,,,,,wild cats,,,,,,,
,,,,,,,,,,,,,,,,,,,,,,,,wild dog,,,,,,,
,,,,,,,,,,,,,,,,,,,,,,,,wild dogs,,,,,,,
,,,,,,,,,,,,,,,,,,,,,,,,wild horse,,,,,,,
,,,,,,,,,,,,,,,,,,,,,,,,wild horses,,,,,,,
,,,,,,,,,,,,,,,,,,,,,,,,wild species,,,,,,,
,,,,,,,,,,,,,,,,,,,,,,,,wildcat,,,,,,,
,,,,,,,,,,,,,,,,,,,,,,,,wildcats,,,,,,,
,,,,,,,,,,,,,,,,,,,,,,,,wildlife center rehabilitation,,,,,,,
,,,,,,,,,,,,,,,,,,,,,,,,wildlife monitoring,,,,,,,
,,,,,,,,,,,,,,,,,,,,,,,,wildlife protection,,,,,,,
,,,,,,,,,,,,,,,,,,,,,,,,wildlife rehabilitation,,,,,,,
,,,,,,,,,,,,,,,,,,,,,,,,wildlife rescue,,,,,,,
,,,,,,,,,,,,,,,,,,,,,,,,willow,,,,,,,
,,,,,,,,,,,,,,,,,,,,,,,,willows,,,,,,,
,,,,,,,,,,,,,,,,,,,,,,,,wolf,,,,,,,
,,,,,,,,,,,,,,,,,,,,,,,,wolverine,,,,,,,
,,,,,,,,,,,,,,,,,,,,,,,,wolverines,,,,,,,
,,,,,,,,,,,,,,,,,,,,,,,,wolves,,,,,,,
,,,,,,,,,,,,,,,,,,,,,,,,woodcock,,,,,,,
,,,,,,,,,,,,,,,,,,,,,,,,woodcocks,,,,,,,
,,,,,,,,,,,,,,,,,,,,,,,,woodpecker,,,,,,,
,,,,,,,,,,,,,,,,,,,,,,,,woodpeckers,,,,,,,
,,,,,,,,,,,,,,,,,,,,,,,,worm,,,,,,,
,,,,,,,,,,,,,,,,,,,,,,,,worms,,,,,,,
,,,,,,,,,,,,,,,,,,,,,,,,wren,,,,,,,
,,,,,,,,,,,,,,,,,,,,,,,,wrens,,,,,,,
,,,,,,,,,,,,,,,,,,,,,,,,yak,,,,,,,
,,,,,,,,,,,,,,,,,,,,,,,,yaks,,,,,,,
,,,,,,,,,,,,,,,,,,,,,,,,yellowfin,,,,,,,
,,,,,,,,,,,,,,,,,,,,,,,,yellowfins,,,,,,,
,,,,,,,,,,,,,,,,,,,,,,,,yellowtail,,,,,,,
,,,,,,,,,,,,,,,,,,,,,,,,Yellowtail tuna,,,,,,,
,,,,,,,,,,,,,,,,,,,,,,,,Yellowtail tunas,,,,,,,
,,,,,,,,,,,,,,,,,,,,,,,,yellowtails,,,,,,,
,,,,,,,,,,,,,,,,,,,,,,,,zander,,,,,,,
,,,,,,,,,,,,,,,,,,,,,,,,zanders,,,,,,,
,,,,,,,,,,,,,,,,,,,,,,,,zebra,,,,,,,
,,,,,,,,,,,,,,,,,,,,,,,,zebrafish,,,,,,,
,,,,,,,,,,,,,,,,,,,,,,,,zebrafishes,,,,,,,
,,,,,,,,,,,,,,,,,,,,,,,,zebras,,,,,,,
,,,,,,,,,,,,,,,,,,,,,,,,species,,,,,,,
,,,,,,,,,,,,,,,,,,,,,,,,grizzlies,,,,,,,
,,,,,,,,,,,,,,,,,,,,,,,,reintroduction,,,,,,,
,,,,,,,,,,,,,,,,,,,,,,,,reintroduce,,,,,,,
,,,,,,,,,,,,,,,,,,,,,,,,reintrouduced,,,,,,,
,,,,,,,,,,,,,,,,,,,,,,,,tasmanian devil,,,,,,,
,,,,,,,,,,,,,,,,,,,,,,,,panther,,,,,,,
,,,,,,,,,,,,,,,,,,,,,,,,panthers,,,,,,,
,,,,,,,,,,,,,,,,,,,,,,,,ungulate,,,,,,,
,,,,,,,,,,,,,,,,,,,,,,,,ungulates,,,,,,,